{"stats":{"minecraft:dropped":{"minecraft:iron_ingot":6,"minecraft:shield":1,"minecraft:oak_sapling":8,"minecraft:wooden_pickaxe":1,"minecraft:iron_pickaxe":2,"minecraft:stick":2},"minecraft:mined":{"minecraft:iron_ore":20,"treechop:chopped_log":3,"minecraft:crafting_table":1,"minecraft:grass":3,"minecraft:grass_block":1,"minecraft:coal_ore":24,"minecraft:stone":13,"minecraft:oak_leaves":1},"minecraft:killed":{"minecraft:skeleton":1,"minecraft:pig":1,"born_in_chaos_v1:maggot":1},"minecraft:custom":{"minecraft:time_since_rest":17539,"minecraft:interact_with_furnace":12,"minecraft:sprint_one_cm":56564,"minecraft:damage_taken":242,"minecraft:walk_one_cm":34441,"minecraft:mob_kills":5,"minecraft:drop":10,"minecraft:inspect_hopper":1,"minecraft:damage_dealt":725,"minecraft:interact_with_crafting_table":13,"minecraft:fly_one_cm":38919,"minecraft:open_chest":1,"minecraft:crouch_one_cm":1753,"minecraft:play_time":17539,"minecraft:sneak_time":864,"minecraft:jump":310,"minecraft:time_since_death":17539,"minecraft:climb_one_cm":1020,"minecraft:interact_with_smoker":5,"minecraft:total_world_time":17539,"minecraft:fall_one_cm":7437},"minecraft:crafted":{"simplyswords:iron_scythe":1,"minecraft:oak_planks":36,"minecraft:cooked_porkchop":1,"minecraft:shield":2,"minecraft:crafting_table":1,"minecraft:stick":8,"minecraft:iron_helmet":1,"minecraft:wooden_pickaxe":1,"minecraft:iron_ingot":20,"minecraft:iron_pickaxe":2,"minecraft:stone_pickaxe":1,"minecraft:furnace":1,"minecraft:air":0,"minecraft:smoker":1},"minecraft:used":{"minecraft:apple":1,"minecraft:bread":2,"minecraft:stone_pickaxe":19,"minecraft:iron_pickaxe":31,"minecraft:iron_helmet":1,"minecraft:wooden_pickaxe":7,"minecraft:dirt":1,"simplyswords:iron_scythe":13,"minecraft:crafting_table":2,"minecraft:cooked_porkchop":1,"alexsmobs:animal_dictionary":1,"minecraft:smoker":1},"minecraft:picked_up":{"born_in_chaos_v1:corpse_maggot":1,"minecraft:crafting_table":1,"minecraft:stick":5,"minecraft:raw_iron":20,"minecraft:porkchop":1,"minecraft:oak_log":13,"minecraft:dirt":1,"born_in_chaos_v1:intoxicating_decoction":1,"minecraft:arrow":1,"minecraft:bone":2,"minecraft:rotten_flesh":1,"minecraft:apple":1,"minecraft:iron_ingot":3,"minecraft:bread":2,"minecraft:iron_pickaxe":1,"minecraft:oak_sapling":8,"minecraft:coal":23,"minecraft:cobblestone":15}},"DataVersion":3120}