{"stats":{"minecraft:dropped":{"minecraft:wooden_pickaxe":1,"minecraft:oak_sapling":5,"minecraft:stick":2},"minecraft:mined":{"minecraft:grass":2,"minecraft:coal_ore":3,"minecraft:iron_ore":12,"minecraft:stone":11,"treechop:chopped_log":1,"minecraft:oak_leaves":1,"minecraft:crafting_table":1},"minecraft:custom":{"minecraft:time_since_rest":5539,"minecraft:crouch_one_cm":761,"minecraft:interact_with_furnace":2,"minecraft:play_time":5539,"minecraft:sprint_one_cm":24105,"minecraft:walk_one_cm":10837,"minecraft:sneak_time":357,"minecraft:drop":3,"minecraft:jump":104,"minecraft:time_since_death":5539,"minecraft:total_world_time":5539,"minecraft:fall_one_cm":1316,"minecraft:interact_with_crafting_table":3,"minecraft:fly_one_cm":14289},"minecraft:crafted":{"minecraft:oak_planks":20,"minecraft:crafting_table":1,"minecraft:stone_pickaxe":1,"minecraft:stick":4,"minecraft:wooden_pickaxe":1},"minecraft:used":{"minecraft:crafting_table":2,"minecraft:stone_pickaxe":19,"minecraft:wooden_pickaxe":7},"minecraft:picked_up":{"minecraft:raw_iron":12,"minecraft:stick":4,"minecraft:crafting_table":1,"minecraft:oak_log":5,"minecraft:coal":3,"minecraft:oak_sapling":5,"minecraft:cobblestone":11}},"DataVersion":3120}