{"stats":{"minecraft:dropped":{"minecraft:spruce_sign":5,"minecraft:iron_ingot":6,"minecraft:bread":4,"minecraft:oak_log":1,"minecraft:white_carpet":6,"minecraft:rotten_flesh":11,"unusualprehistory:tar_fossil_item":5,"minecraft:stick":2,"born_in_chaos_v1:monster_flesh":1,"simplyswords:iron_scythe":1,"minecraft:shield":1,"born_in_chaos_v1:seedof_chaos":1,"born_in_chaos_v1:corpse_maggot":1,"minecraft:oak_sapling":8,"minecraft:bamboo":4,"minecraft:wooden_pickaxe":1,"minecraft:iron_pickaxe":2},"minecraft:mined":{"minecraft:smithing_table":1,"minecraft:white_bed":1,"alexsmobs:leafcutter_anthill":1,"minecraft:jungle_leaves":2,"minecraft:oak_fence":1,"minecraft:crafting_table":1,"minecraft:emerald_ore":1,"minecraft:grass_block":3,"alexsmobs:leafcutter_ant_chamber":2,"spelunkers_charm:rock_pile_2":1,"minecraft:tall_grass":2,"minecraft:hay_block":8,"minecraft:coarse_dirt":1,"minecraft:raw_iron_block":2,"minecraft:iron_ore":29,"unusualprehistory:tar":26,"treechop:chopped_log":4,"minecraft:grass":4,"minecraft:coal_ore":24,"minecraft:iron_block":1,"minecraft:bamboo":1,"minecraft:stone":14,"unusualprehistory:stone_tar_fossil":1,"unusualprehistory:splattered_tar":5,"minecraft:green_wool":1,"minecraft:oak_leaves":2},"minecraft:killed":{"born_in_chaos_v1:bonescaller":1,"minecraft:pig":1,"born_in_chaos_v1:restless_spirit":1,"born_in_chaos_v1:baby_skeleton":1,"minecraft:spider":1,"born_in_chaos_v1:zombie_bruiser":2,"born_in_chaos_v1:baby_skeleton_minion":2,"born_in_chaos_v1:maggot":1,"minecraft:sheep":5,"minecraft:skeleton":3,"minecraft:zombie":2,"iceandfire:ghost":4,"born_in_chaos_v1:dread_hound":1,"alexsmobs:leafcutter_ant":2,"born_in_chaos_v1:door_knight":2},"minecraft:killed_by":{"minecraft:skeleton":2,"born_in_chaos_v1:zombie_bruiser":2},"minecraft:custom":{"minecraft:interact_with_furnace":13,"minecraft:mob_kills":30,"minecraft:inspect_hopper":1,"minecraft:interact_with_crafting_table":17,"minecraft:open_barrel":10,"minecraft:interact_with_loom":1,"minecraft:damage_dealt_resisted":2225,"minecraft:time_since_death":24030,"minecraft:sleep_in_bed":1,"minecraft:climb_one_cm":7493,"minecraft:time_since_rest":2984,"minecraft:sprint_one_cm":211865,"minecraft:damage_taken":2557,"minecraft:walk_one_cm":144940,"minecraft:damage_blocked_by_shield":140,"minecraft:trigger_trapped_chest":3,"minecraft:drop":24,"minecraft:damage_dealt":6076,"minecraft:swim_one_cm":23615,"minecraft:fly_one_cm":199936,"minecraft:open_chest":18,"minecraft:crouch_one_cm":3546,"minecraft:play_time":65539,"minecraft:deaths":4,"minecraft:sneak_time":2110,"minecraft:walk_under_water_one_cm":3739,"minecraft:jump":1248,"minecraft:walk_on_water_one_cm":7049,"minecraft:total_world_time":65539,"minecraft:interact_with_smoker":6,"minecraft:fall_one_cm":28676},"minecraft:crafted":{"minecraft:oak_planks":36,"minecraft:raw_iron":18,"minecraft:cooked_porkchop":1,"minecraft:crafting_table":3,"minecraft:wooden_pickaxe":1,"minecraft:iron_helmet":1,"minecraft:furnace":1,"minecraft:stone_axe":1,"minecraft:bread":15,"minecraft:air":0,"simplyswords:iron_scythe":1,"minecraft:iron_boots":1,"minecraft:shield":2,"minecraft:stick":12,"minecraft:iron_ingot":29,"minecraft:iron_pickaxe":2,"minecraft:stone_pickaxe":1,"minecraft:iron_leggings":1,"minecraft:wheat":45,"minecraft:smoker":1},"minecraft:used":{"minecraft:stone_pickaxe":19,"minecraft:shield":3,"minecraft:wooden_pickaxe":7,"minecraft:dirt":5,"minecraft:crafting_table":4,"minecraft:white_bed":1,"minecraft:oak_log":1,"minecraft:smoker":1,"minecraft:apple":1,"minecraft:bread":37,"minecraft:iron_pickaxe":60,"minecraft:iron_helmet":2,"minecraft:iron_boots":1,"minecraft:stone_axe":27,"minecraft:cobblestone":4,"simplyswords:iron_scythe":154,"spelunkers_charm:rock":2,"minecraft:cooked_porkchop":2,"minecraft:bucket":2,"alexsmobs:animal_dictionary":1,"unusualprehistory:tar_bucket":2},"minecraft:picked_up":{"minecraft:iron_chestplate":1,"born_in_chaos_v1:corpse_maggot":3,"minecraft:crafting_table":1,"born_in_chaos_v1:monster_flesh":1,"born_in_chaos_v1:seedof_chaos":2,"minecraft:smithing_table":1,"minecraft:oak_log":17,"minecraft:shield":3,"minecraft:gunpowder":2,"minecraft:dirt":13,"minecraft:lantern":2,"born_in_chaos_v1:intoxicating_decoction":3,"minecraft:white_carpet":6,"minecraft:bone":10,"minecraft:apple":9,"minecraft:wheat_seeds":3,"minecraft:gold_nugget":9,"minecraft:bucket":1,"minecraft:iron_ingot":13,"minecraft:stone_pickaxe":2,"minecraft:iron_nugget":19,"minecraft:iron_pickaxe":3,"minecraft:bamboo":4,"minecraft:oak_planks":25,"unusualprehistory:tar_fossil_item":5,"minecraft:furnace":6,"minecraft:raw_iron":45,"minecraft:stick":5,"born_in_chaos_v1:shattered_skull":2,"minecraft:cooked_porkchop":2,"minecraft:oak_fence":1,"born_in_chaos_v1:ethereal_spirit":1,"minecraft:raw_iron_block":4,"quark:blossom_log":40,"minecraft:porkchop":1,"minecraft:white_bed":2,"born_in_chaos_v1:pieceofdarkmetal":5,"alexsmobs:animal_dictionary":2,"iceandfire:silver_ingot":1,"minecraft:arrow":5,"minecraft:rotten_flesh":18,"simplyswords:iron_scythe":3,"minecraft:hay_block":7,"minecraft:iron_helmet":2,"minecraft:iron_block":1,"minecraft:spruce_sign":11,"minecraft:green_wool":2,"minecraft:bread":104,"minecraft:emerald":10,"minecraft:oak_sapling":8,"spelunkers_charm:rock":2,"minecraft:mutton":16,"minecraft:white_wool":10,"minecraft:coal":27,"minecraft:cobblestone":24}},"DataVersion":3120}