{"stats":{"minecraft:dropped":{"minecraft:enchanted_book":1,"minecraft:iron_ingot":9,"minecraft:spruce_sign":5,"minecraft:bread":60,"born_in_chaos_v1:intoxicating_decoction":3,"minecraft:wheat_seeds":2,"minecraft:lapis_lazuli":7,"minecraft:oak_log":1,"minecraft:crafting_table":1,"minecraft:oak_fence":2,"minecraft:cobblestone":3,"aquaculture:minnow":1,"unusualprehistory:tar_fossil_item":5,"spelunkers_charm:deepslate_rock":3,"minecraft:emerald":27,"minecraft:grass_block":2,"sophisticatedbackpacks:gold_backpack":1,"minecraft:stick":5,"born_in_chaos_v1:monster_flesh":1,"minecraft:dirt":73,"minecraft:torch":1,"minecraft:mutton":8,"minecraft:wooden_axe":1,"minecraft:iron_leggings":1,"minecraft:white_banner":1,"minecraft:iron_pickaxe":4,"simplyswords:iron_cutlass":1,"sophisticatedbackpacks:jukebox_upgrade":1,"minecraft:string":3,"minecraft:bone":4,"alexsmobs:maggot":3,"simplyswords:iron_katana":1,"minecraft:white_carpet":6,"minecraft:rotten_flesh":23,"minecraft:light_gray_wool":1,"minecraft:name_tag":1,"simplyswords:iron_scythe":1,"minecraft:shield":2,"born_in_chaos_v1:seedof_chaos":1,"minecraft:skeleton_skull":1,"born_in_chaos_v1:diamond_termite_shard":1,"born_in_chaos_v1:corpse_maggot":9,"minecraft:oak_sapling":13,"minecraft:stone_bricks":49,"minecraft:spider_eye":3,"minecraft:bamboo":4,"sophisticatedbackpacks:copper_backpack":1,"minecraft:bow":1,"minecraft:beef":24,"minecraft:stone_pickaxe":1,"minecraft:wooden_pickaxe":2,"simplyswords:iron_claymore":2},"minecraft:mined":{"minecraft:white_bed":2,"minecraft:deepslate_diamond_ore":10,"alexsmobs:leafcutter_anthill":1,"minecraft:jungle_leaves":2,"minecraft:dark_oak_log":4,"born_in_chaos_v1:infected_diamond_ore":4,"minecraft:obsidian":6,"minecraft:grass_block":7,"alexsmobs:leafcutter_ant_chamber":2,"minecraft:spruce_leaves":2,"minecraft:hay_block":8,"minecraft:raw_iron_block":2,"minecraft:fire":1,"minecraft:iron_ore":74,"minecraft:andesite":1,"treechop:chopped_log":7,"minecraft:deepslate_lapis_ore":2,"minecraft:deepslate_iron_ore":37,"minecraft:vine":1,"ironchest:iron_chest":4,"minecraft:bamboo":5,"minecraft:stone":37,"minecraft:iron_block":1,"unusualprehistory:stone_tar_fossil":1,"minecraft:green_wool":1,"minecraft:smithing_table":1,"quark:oak_chest":2,"minecraft:oak_fence":1,"minecraft:crafting_table":1,"minecraft:torch":2,"minecraft:emerald_ore":1,"iceandfire:ghost_chest":1,"minecraft:cobblestone":2,"spelunkers_charm:rock_pile_2":1,"minecraft:tall_grass":2,"minecraft:deepslate_gold_ore":2,"minecraft:sugar_cane":2,"minecraft:wall_torch":2,"minecraft:coarse_dirt":1,"unusualprehistory:tar":26,"minecraft:stone_brick_stairs":1,"minecraft:grass":11,"minecraft:coal_ore":32,"minecraft:dirt":8,"minecraft:cobweb":2,"unusualprehistory:splattered_tar":5,"minecraft:oak_leaves":6,"minecraft:fern":1},"minecraft:broken":{"minecraft:iron_chestplate":1,"minecraft:iron_boots":1,"simplyswords:iron_scythe":1,"simplyswords:iron_claymore":1,"minecraft:leather_boots":1,"minecraft:iron_helmet":1},"minecraft:killed":{"born_in_chaos_v1:zombie_clown":1,"born_in_chaos_v1:zombie_lumberjack":1,"born_in_chaos_v1:restless_spirit":1,"minecraft:spider":25,"born_in_chaos_v1:siamese_skeletonsright":1,"born_in_chaos_v1:zombie_bruiser":2,"born_in_chaos_v1:baby_skeleton_minion":4,"born_in_chaos_v1:maggot":13,"minecraft:skeleton":27,"minecraft:horse":2,"alexsmobs:leafcutter_ant":2,"born_in_chaos_v1:firelight_not_despawn":2,"born_in_chaos_v1:barrel_zombie":1,"born_in_chaos_v1:bonescaller":2,"minecraft:pig":2,"born_in_chaos_v1:diamond_termite":9,"born_in_chaos_v1:baby_skeleton":4,"minecraft:creeper":2,"born_in_chaos_v1:decrepit_skeleton":3,"minecraft:sheep":7,"born_in_chaos_v1:bloody_gadfly":6,"minecraft:zombie":30,"born_in_chaos_v1:dread_hound":3,"iceandfire:ghost":4,"ecologics:squirrel":3,"born_in_chaos_v1:corpse_fly":1,"alexsmobs:fly":2,"born_in_chaos_v1:door_knight":2,"born_in_chaos_v1:siamese_skeletonsleft":1,"minecraft:enderman":2,"minecraft:cow":14},"minecraft:killed_by":{"born_in_chaos_v1:zombie_bruiser":2,"minecraft:skeleton":2,"unusualprehistory:antarctopelta":1},"minecraft:custom":{"minecraft:mob_kills":182,"minecraft:inspect_hopper":1,"minecraft:interact_with_crafting_table":43,"minecraft:open_barrel":12,"minecraft:bell_ring":21,"minecraft:damage_dealt_resisted":2757,"minecraft:leave_game":3,"minecraft:time_since_death":144178,"minecraft:climb_one_cm":7707,"minecraft:sprint_one_cm":707118,"minecraft:walk_one_cm":381017,"minecraft:damage_blocked_by_shield":210,"minecraft:drop":87,"minecraft:damage_dealt_absorbed":80,"minecraft:talked_to_villager":1,"minecraft:play_time":215292,"minecraft:deaths":5,"minecraft:sneak_time":6179,"minecraft:walk_under_water_one_cm":18053,"minecraft:boat_one_cm":18109,"minecraft:jump":4407,"minecraft:walk_on_water_one_cm":48545,"minecraft:total_world_time":215292,"minecraft:interact_with_furnace":34,"minecraft:interact_with_loom":1,"minecraft:sleep_in_bed":4,"minecraft:time_since_rest":49598,"minecraft:damage_taken":7857,"minecraft:trigger_trapped_chest":3,"minecraft:damage_dealt":31602,"minecraft:swim_one_cm":62427,"minecraft:fly_one_cm":907326,"minecraft:open_chest":92,"minecraft:crouch_one_cm":11237,"minecraft:interact_with_smoker":10,"minecraft:fall_one_cm":106862,"minecraft:interact_with_smithing_table":1},"minecraft:crafted":{"minecraft:oak_door":3,"minecraft:oak_planks":64,"minecraft:raw_iron":18,"minecraft:iron_nugget":9,"minecraft:furnace":1,"sophisticatedbackpacks:crafting_upgrade":1,"quark:blossom_chest":2,"minecraft:iron_boots":1,"minecraft:stone_pickaxe":1,"minecraft:cooked_beef":24,"simplyswords:iron_cutlass":2,"minecraft:smoker":1,"sophisticatedbackpacks:iron_backpack":2,"minecraft:wheat":45,"ironchest:wood_to_iron_chest_upgrade":2,"sophisticatedbackpacks:backpack":2,"quark:blossom_planks":148,"minecraft:cooked_porkchop":1,"minecraft:crafting_table":5,"simplyswords:iron_claymore":1,"minecraft:wooden_pickaxe":1,"minecraft:iron_helmet":1,"sophisticatedbackpacks:gold_backpack":2,"minecraft:stone_axe":2,"sophisticatedbackpacks:upgrade_base":1,"minecraft:bread":15,"minecraft:air":0,"simplyswords:iron_scythe":1,"minecraft:oak_boat":1,"ironchest:iron_to_gold_chest_upgrade":4,"minecraft:diamond_pickaxe":1,"minecraft:shield":2,"minecraft:stick":24,"quark:oak_chest":1,"minecraft:iron_ingot":92,"minecraft:iron_pickaxe":2,"minecraft:iron_leggings":1,"minecraft:gold_ingot":72,"minecraft:torch":4,"ironchest:iron_chest":2},"minecraft:used":{"simplyswords:iron_cutlass":93,"simplyswords:iron_claymore":245,"minecraft:shield":5,"minecraft:oak_door":2,"minecraft:torch":7,"minecraft:dirt":15,"ironchest:iron_chest":6,"iceandfire:ghost_chest":1,"minecraft:iron_helmet":2,"minecraft:iron_boots":1,"simplyswords:iron_scythe":248,"spelunkers_charm:rock":2,"minecraft:cobbled_deepslate":8,"minecraft:cooked_beef":8,"minecraft:skeleton_skull":1,"minecraft:egg":3,"unusualprehistory:tar_bucket":2,"minecraft:iron_leggings":1,"quark:blossom_log":3,"minecraft:water_bucket":14,"minecraft:stone_pickaxe":19,"minecraft:baked_potato":1,"minecraft:oak_planks":7,"minecraft:wooden_pickaxe":7,"minecraft:crafting_table":5,"minecraft:white_bed":2,"minecraft:smoker":2,"minecraft:oak_log":1,"minecraft:diamond_pickaxe":6,"minecraft:apple":17,"minecraft:bread":121,"minecraft:iron_pickaxe":205,"ironchest:iron_to_gold_chest_upgrade":4,"minecraft:stone_axe":82,"minecraft:cobblestone":15,"minecraft:smithing_table":1,"minecraft:cooked_porkchop":2,"minecraft:bucket":16,"minecraft:oak_boat":1,"alexsmobs:animal_dictionary":1,"ironchest:wood_to_iron_chest_upgrade":2},"minecraft:picked_up":{"minecraft:wooden_axe":2,"born_in_chaos_v1:diamond_termite_shard":11,"minecraft:crafting_table":2,"minecraft:iron_chestplate":2,"minecraft:clay_ball":3,"born_in_chaos_v1:seedof_chaos":2,"minecraft:smithing_table":2,"minecraft:brown_mushroom":5,"minecraft:wooden_pickaxe":2,"spelunkers_charm:deepslate_rock":6,"minecraft:enchanted_book":2,"minecraft:stone_brick_stairs":4,"unusualprehistory:austro_feather":11,"minecraft:shield":5,"minecraft:string":23,"minecraft:raw_copper":2,"minecraft:flint_and_steel":1,"minecraft:iron_leggings":2,"born_in_chaos_v1:intoxicating_decoction":10,"minecraft:white_carpet":6,"minecraft:sea_pickle":1,"unusualprehistory:paleo_fossil":1,"minecraft:gold_nugget":42,"minecraft:cobbled_deepslate":8,"minecraft:bucket":2,"minecraft:beef":70,"born_in_chaos_v1:gnawed_bones":1,"minecraft:iron_nugget":38,"minecraft:iron_pickaxe":6,"minecraft:light_gray_wool":1,"minecraft:golden_helmet":1,"minecraft:dark_oak_sapling":8,"minecraft:sugar_cane":8,"iceandfire:pixie_dust":3,"minecraft:furnace":8,"minecraft:iron_boots":1,"minecraft:egg":3,"unusualprehistory:tar_fossil_item":5,"minecraft:stick":20,"minecraft:raw_iron":154,"iceandfire:dragonbone":48,"iceandfire:ghost_chest":1,"born_in_chaos_v1:shattered_skull":2,"minecraft:oak_fence":6,"born_in_chaos_v1:phantom_powder":2,"minecraft:torch":5,"ironchest:iron_chest":4,"quark:blossom_log":80,"minecraft:porkchop":2,"simplyswords:iron_cutlass":1,"born_in_chaos_v1:pieceofdarkmetal":5,"minecraft:carrot":1,"iceandfire:dragon_skull_ice":1,"minecraft:stone_shovel":2,"iceandfire:silver_ingot":1,"minecraft:arrow":43,"minecraft:rotten_flesh":96,"simplyswords:iron_scythe":4,"minecraft:obsidian":6,"minecraft:hay_block":9,"sophisticatedbackpacks:copper_backpack":2,"minecraft:iron_block":1,"alexsmobs:flying_fish":1,"minecraft:green_wool":3,"minecraft:mutton":34,"minecraft:skeleton_skull":2,"minecraft:white_wool":10,"minecraft:cobblestone":48,"born_in_chaos_v1:fused_bone":1,"born_in_chaos_v1:corpse_maggot":18,"simplyswords:iron_katana":1,"minecraft:cooked_beef":4,"born_in_chaos_v1:monster_flesh":2,"minecraft:glow_ink_sac":1,"minecraft:andesite":1,"minecraft:leather":10,"minecraft:potato":2,"simplyswords:iron_claymore":2,"minecraft:oak_log":26,"minecraft:gunpowder":3,"minecraft:lapis_lazuli":14,"minecraft:dirt":161,"minecraft:lantern":12,"minecraft:white_banner":2,"minecraft:name_tag":2,"born_in_chaos_v1:monster_skin":1,"minecraft:leather_boots":1,"minecraft:bone":35,"minecraft:apple":35,"minecraft:stone_bricks":98,"minecraft:bow":2,"minecraft:wheat_seeds":5,"minecraft:raw_gold":2,"minecraft:iron_ingot":28,"minecraft:stone_pickaxe":6,"aquaculture:minnow":2,"minecraft:bamboo":24,"minecraft:stone_hoe":2,"minecraft:oak_planks":48,"minecraft:cooked_porkchop":2,"born_in_chaos_v1:ethereal_spirit":2,"minecraft:raw_iron_block":4,"quark:oak_chest":2,"minecraft:dark_oak_log":44,"minecraft:white_bed":3,"minecraft:grass_block":5,"minecraft:spider_eye":8,"alexsmobs:animal_dictionary":4,"minecraft:diamond":10,"born_in_chaos_v1:fire_dust":2,"minecraft:stone_axe":1,"minecraft:iron_helmet":4,"minecraft:crossbow":1,"minecraft:spruce_sign":11,"minecraft:bread":269,"minecraft:emerald":78,"alexsmobs:maggot":5,"minecraft:oak_sapling":13,"born_in_chaos_v1:rotten_fish":2,"spelunkers_charm:rock":2,"minecraft:coal":38}},"DataVersion":3120}