{"stats":{"minecraft:used":{"simpleplanes:large_plane":1,"cgm:bazooka":5,"cgm:rifle":1,"minecraft:zombie_spawn_egg":7,"cgm:heavy_rifle":5,"securitycraft:ims":1},"minecraft:custom":{"minecraft:open_barrel":1,"minecraft:time_since_rest":4818,"minecraft:open_chest":5,"minecraft:crouch_one_cm":100,"minecraft:sprint_one_cm":13874,"minecraft:play_time":29301,"minecraft:deaths":2,"minecraft:damage_taken":315,"minecraft:walk_one_cm":20322,"minecraft:sneak_time":281,"minecraft:walk_under_water_one_cm":9009,"minecraft:mob_kills":7,"minecraft:jump":116,"minecraft:damage_dealt":56,"minecraft:leave_game":1,"minecraft:walk_on_water_one_cm":996,"minecraft:time_since_death":4777,"minecraft:climb_one_cm":1978,"minecraft:total_world_time":29301,"minecraft:swim_one_cm":44,"minecraft:fall_one_cm":2560,"minecraft:fly_one_cm":203227},"minecraft:killed":{"minecraft:zombie":3},"minecraft:picked_up":{"minecraft:orange_terracotta":3,"minecraft:arrow":1,"minecraft:rotten_flesh":2,"minecraft:lever":1,"minecraft:iron_ingot":1,"hunting_delight:broken_bone":3,"minecraft:string":2}},"DataVersion":3120}