{"stats":{"minecraft:killed_by":{"minecraft:creeper":1},"minecraft:used":{"simpleplanes:large_plane":1,"cgm:bazooka":5,"cgm:rifle":1,"minecraft:zombie_spawn_egg":7,"cgm:heavy_rifle":5,"securitycraft:ims":1},"minecraft:custom":{"minecraft:open_barrel":2,"minecraft:time_since_rest":506,"minecraft:open_chest":5,"minecraft:crouch_one_cm":100,"minecraft:sprint_one_cm":21116,"minecraft:play_time":34822,"minecraft:deaths":3,"minecraft:damage_taken":705,"minecraft:walk_one_cm":28545,"minecraft:sneak_time":313,"minecraft:walk_under_water_one_cm":9327,"minecraft:mob_kills":7,"minecraft:jump":247,"minecraft:damage_dealt":56,"minecraft:leave_game":2,"minecraft:walk_on_water_one_cm":1079,"minecraft:time_since_death":431,"minecraft:climb_one_cm":3632,"minecraft:total_world_time":34822,"minecraft:swim_one_cm":44,"minecraft:fall_one_cm":3665,"minecraft:fly_one_cm":253460},"minecraft:killed":{"minecraft:zombie":3},"minecraft:picked_up":{"minecraft:bone":2,"minecraft:orange_terracotta":3,"minecraft:arrow":1,"minecraft:rotten_flesh":4,"minecraft:lever":1,"minecraft:iron_ingot":1,"hunting_delight:broken_bone":36,"hunting_delight:chitin":1,"minecraft:fermented_spider_eye":1,"minecraft:string":3,"hunting_delight:animal_fat":1}},"DataVersion":3120}