{"stats":{"minecraft:dropped":{"minecraft:spruce_sign":5,"minecraft:lapis_lazuli":7,"minecraft:oak_log":1,"minecraft:crafting_table":1,"unusualprehistory:tar_fossil_item":5,"aquaculture:minnow":1,"sophisticatedbackpacks:gold_backpack":1,"minecraft:emerald":27,"born_in_chaos_v1:monster_flesh":1,"minecraft:dirt":73,"minecraft:dark_oak_log":44,"minecraft:mutton":8,"minecraft:iron_pickaxe":4,"simplyswords:iron_sai":1,"minecraft:bone":4,"simplyswords:iron_katana":1,"minecraft:rotten_flesh":23,"born_in_chaos_v1:seedof_chaos":1,"minecraft:skeleton_skull":1,"born_in_chaos_v1:corpse_maggot":9,"born_in_chaos_v1:diamond_termite_shard":2,"minecraft:beef":24,"minecraft:water_bucket":1,"minecraft:enchanted_book":1,"minecraft:bread":60,"minecraft:iron_ingot":9,"born_in_chaos_v1:intoxicating_decoction":3,"minecraft:wheat_seeds":3,"minecraft:oak_fence":2,"minecraft:cobblestone":3,"minecraft:grass_block":2,"spelunkers_charm:deepslate_rock":3,"minecraft:stick":5,"minecraft:torch":1,"minecraft:wooden_axe":1,"minecraft:iron_leggings":1,"minecraft:white_banner":1,"sophisticatedbackpacks:jukebox_upgrade":1,"minecraft:string":3,"minecraft:music_disc_cat":2,"simplyswords:iron_cutlass":2,"alexsmobs:maggot":3,"minecraft:white_carpet":6,"minecraft:light_gray_wool":1,"minecraft:name_tag":1,"simplyswords:iron_scythe":1,"minecraft:shield":2,"minecraft:oak_sapling":13,"minecraft:spider_eye":3,"minecraft:stone_bricks":49,"minecraft:bamboo":4,"sophisticatedbackpacks:copper_backpack":1,"minecraft:bow":1,"minecraft:stone_pickaxe":1,"minecraft:wooden_pickaxe":2,"simplyswords:iron_claymore":2},"minecraft:mined":{"minecraft:white_bed":2,"quark:yellow_blossom_leaves":1,"alexsmobs:leafcutter_anthill":1,"minecraft:jungle_leaves":2,"minecraft:obsidian":15,"minecraft:grass_block":10,"minecraft:raw_iron_block":2,"minecraft:iron_ore":74,"minecraft:fire":1,"minecraft:deepslate_lapis_ore":4,"minecraft:enchanting_table":1,"minecraft:iron_block":1,"unusualprehistory:stone_tar_fossil":1,"minecraft:deepslate_redstone_ore":11,"quark:blossom_bookshelf":21,"minecraft:torch":2,"iceandfire:ghost_chest":1,"spelunkers_charm:rock_pile_2":1,"minecraft:cobblestone":2,"minecraft:sugar_cane":2,"minecraft:wall_torch":3,"minecraft:tnt":1,"minecraft:stone_brick_stairs":1,"minecraft:grass":17,"minecraft:dirt":12,"unusualprehistory:splattered_tar":5,"minecraft:piston":1,"minecraft:oak_leaves":6,"minecraft:deepslate":8,"minecraft:deepslate_diamond_ore":10,"minecraft:dark_oak_log":4,"born_in_chaos_v1:infected_diamond_ore":5,"alexsmobs:leafcutter_ant_chamber":2,"minecraft:spruce_leaves":2,"minecraft:hay_block":8,"minecraft:andesite":1,"treechop:chopped_log":9,"minecraft:bookshelf":21,"minecraft:vine":1,"minecraft:deepslate_iron_ore":62,"ironchest:iron_chest":4,"minecraft:bamboo":5,"minecraft:stone":42,"minecraft:smithing_table":1,"minecraft:green_wool":1,"quark:oak_chest":2,"minecraft:oak_fence":1,"minecraft:crafting_table":1,"minecraft:emerald_ore":1,"minecraft:tall_grass":14,"minecraft:deepslate_gold_ore":4,"minecraft:coarse_dirt":1,"unusualprehistory:tar":26,"minecraft:coal_ore":32,"minecraft:gravel":2,"minecraft:cobweb":30,"minecraft:fern":1},"minecraft:broken":{"minecraft:iron_boots":1,"minecraft:iron_chestplate":1,"minecraft:iron_leggings":1,"simplyswords:iron_claymore":1,"simplyswords:iron_scythe":1,"minecraft:leather_boots":1,"minecraft:iron_pickaxe":1,"minecraft:iron_helmet":2},"minecraft:killed":{"born_in_chaos_v1:zombie_clown":1,"born_in_chaos_v1:restless_spirit":1,"born_in_chaos_v1:zombie_lumberjack":1,"minecraft:spider":28,"born_in_chaos_v1:siamese_skeletonsright":1,"born_in_chaos_v1:baby_skeleton_minion":4,"minecraft:skeleton":33,"alexsmobs:leafcutter_ant":2,"born_in_chaos_v1:skeleton_thrasher":1,"born_in_chaos_v1:firelight_not_despawn":2,"born_in_chaos_v1:bonescaller":2,"minecraft:pig":2,"minecraft:zombie_villager":1,"born_in_chaos_v1:diamond_termite":12,"minecraft:creeper":2,"minecraft:sheep":7,"minecraft:pillager":5,"minecraft:zombie":38,"born_in_chaos_v1:dread_hound":3,"born_in_chaos_v1:corpse_fly":5,"alexsmobs:fly":3,"born_in_chaos_v1:door_knight":2,"born_in_chaos_v1:siamese_skeletonsleft":1,"minecraft:cow":14,"born_in_chaos_v1:zombie_bruiser":3,"born_in_chaos_v1:maggot":16,"minecraft:horse":2,"born_in_chaos_v1:barrel_zombie":1,"born_in_chaos_v1:baby_skeleton":4,"born_in_chaos_v1:swarmer":1,"born_in_chaos_v1:decrepit_skeleton":5,"born_in_chaos_v1:bloody_gadfly":6,"iceandfire:ghost":4,"ecologics:squirrel":3,"minecraft:enderman":2},"minecraft:killed_by":{"born_in_chaos_v1:zombie_bruiser":2,"minecraft:skeleton":2,"unusualprehistory:antarctopelta":1},"minecraft:custom":{"minecraft:interact_with_crafting_table":48,"minecraft:open_barrel":12,"minecraft:bell_ring":21,"minecraft:leave_game":3,"minecraft:time_since_death":204178,"minecraft:sprint_one_cm":853286,"minecraft:damage_blocked_by_shield":210,"minecraft:drop":95,"minecraft:talked_to_villager":1,"minecraft:play_time":275292,"minecraft:deaths":5,"minecraft:jump":5544,"minecraft:walk_on_water_one_cm":74208,"minecraft:interact_with_furnace":45,"minecraft:interact_with_loom":1,"minecraft:sleep_in_bed":7,"minecraft:damage_dealt":38938,"minecraft:crouch_one_cm":13574,"minecraft:interact_with_smoker":12,"minecraft:interact_with_smithing_table":1,"minecraft:mob_kills":220,"minecraft:inspect_hopper":1,"minecraft:damage_dealt_resisted":4553,"minecraft:climb_one_cm":9034,"minecraft:walk_one_cm":492760,"minecraft:damage_dealt_absorbed":80,"minecraft:sneak_time":7518,"minecraft:walk_under_water_one_cm":21313,"minecraft:boat_one_cm":18109,"minecraft:total_world_time":275292,"minecraft:time_since_rest":8464,"minecraft:damage_taken":9596,"minecraft:trigger_trapped_chest":3,"minecraft:swim_one_cm":69781,"minecraft:fly_one_cm":1137356,"minecraft:open_chest":114,"minecraft:fall_one_cm":134289},"minecraft:crafted":{"minecraft:oak_planks":64,"sophisticatedbackpacks:crafting_upgrade":1,"sophisticatedbackpacks:smelting_upgrade":1,"minecraft:iron_boots":2,"minecraft:smoker":1,"sophisticatedbackpacks:backpack":2,"quark:blossom_planks":148,"minecraft:cooked_porkchop":1,"minecraft:crafting_table":5,"simplyswords:iron_claymore":1,"minecraft:wooden_pickaxe":1,"minecraft:iron_helmet":2,"sophisticatedbackpacks:upgrade_base":2,"simplyswords:iron_scythe":1,"minecraft:iron_chestplate":1,"minecraft:diamond_pickaxe":1,"minecraft:shield":2,"minecraft:stick":24,"quark:oak_chest":1,"minecraft:iron_ingot":164,"minecraft:iron_pickaxe":2,"minecraft:gold_ingot":72,"quark:blossom_bookshelf":1,"minecraft:oak_door":3,"minecraft:raw_iron":18,"minecraft:iron_nugget":9,"minecraft:furnace":1,"quark:blossom_chest":2,"minecraft:stone_pickaxe":1,"simplyswords:iron_cutlass":2,"minecraft:wheat":45,"sophisticatedbackpacks:iron_backpack":2,"minecraft:cooked_beef":24,"ironchest:wood_to_iron_chest_upgrade":2,"minecraft:enchanting_table":1,"sophisticatedbackpacks:gold_backpack":2,"minecraft:stone_axe":3,"minecraft:bread":15,"minecraft:air":0,"minecraft:oak_boat":1,"ironchest:iron_to_gold_chest_upgrade":4,"minecraft:iron_leggings":2,"minecraft:torch":4,"ironchest:iron_chest":2},"minecraft:used":{"minecraft:shield":5,"ironchest:iron_chest":6,"minecraft:milk_bucket":1,"minecraft:stripped_spruce_log":1,"minecraft:obsidian":10,"minecraft:iron_helmet":2,"iceandfire:ghost_chest":1,"simplyswords:iron_scythe":248,"minecraft:skeleton_skull":1,"minecraft:egg":3,"minecraft:stone_pickaxe":19,"minecraft:oak_planks":8,"minecraft:wooden_pickaxe":7,"quark:blossom_bookshelf":42,"minecraft:bread":121,"ironchest:iron_to_gold_chest_upgrade":4,"minecraft:smithing_table":1,"minecraft:oak_boat":1,"minecraft:bone_meal":2,"ironchest:wood_to_iron_chest_upgrade":2,"minecraft:enchanting_table":2,"simplyswords:iron_claymore":245,"simplyswords:iron_cutlass":322,"minecraft:oak_door":2,"minecraft:torch":13,"minecraft:dirt":22,"quark:yellow_blossom_sapling":1,"minecraft:iron_boots":1,"spelunkers_charm:rock":2,"minecraft:cooked_beef":29,"minecraft:cobbled_deepslate":8,"unusualprehistory:tar_bucket":2,"minecraft:iron_leggings":1,"quark:blossom_log":3,"minecraft:cooked_mutton":3,"minecraft:water_bucket":26,"minecraft:baked_potato":1,"minecraft:crafting_table":5,"minecraft:white_bed":2,"minecraft:smoker":2,"minecraft:oak_log":1,"minecraft:diamond_pickaxe":27,"minecraft:apple":17,"minecraft:iron_pickaxe":249,"minecraft:stone_axe":132,"minecraft:cobblestone":16,"minecraft:cooked_porkchop":2,"minecraft:bucket":30,"alexsmobs:animal_dictionary":1},"minecraft:picked_up":{"minecraft:wooden_axe":2,"minecraft:iron_chestplate":2,"minecraft:smithing_table":2,"minecraft:enchanted_book":2,"minecraft:stone_brick_stairs":4,"minecraft:music_disc_cat":1,"minecraft:string":53,"minecraft:raw_copper":2,"minecraft:iron_leggings":2,"minecraft:sea_pickle":1,"minecraft:activator_rail":3,"minecraft:gold_nugget":42,"minecraft:cobbled_deepslate":23,"minecraft:bucket":2,"minecraft:iron_pickaxe":6,"minecraft:iron_boots":1,"minecraft:furnace":8,"minecraft:golden_helmet":1,"iceandfire:pixie_dust":3,"minecraft:stick":20,"iceandfire:ghost_chest":1,"born_in_chaos_v1:shattered_skull":3,"minecraft:oak_fence":6,"born_in_chaos_v1:phantom_powder":2,"minecraft:torch":20,"minecraft:porkchop":2,"quark:blossom_log":148,"minecraft:rotten_flesh":108,"minecraft:iron_block":1,"minecraft:green_wool":3,"minecraft:obsidian":15,"minecraft:cobblestone":54,"alexsmobs:flying_fish":1,"minecraft:enchanting_table":1,"minecraft:cooked_beef":4,"minecraft:andesite":1,"minecraft:potato":2,"minecraft:tuff":1,"minecraft:lapis_lazuli":23,"minecraft:dirt":182,"minecraft:lantern":12,"minecraft:name_tag":3,"born_in_chaos_v1:monster_skin":2,"minecraft:leather_boots":1,"minecraft:bone":40,"minecraft:bow":3,"minecraft:wheat_seeds":13,"minecraft:raw_gold":4,"minecraft:bamboo":24,"minecraft:oak_planks":49,"minecraft:stone_hoe":2,"minecraft:cooked_porkchop":2,"minecraft:stripped_spruce_log":1,"minecraft:grass_block":5,"alexsmobs:animal_dictionary":4,"minecraft:dark_oak_log":44,"born_in_chaos_v1:fire_dust":2,"minecraft:diamond":11,"minecraft:crossbow":1,"minecraft:golden_apple":1,"minecraft:spruce_sign":11,"minecraft:emerald":78,"minecraft:bread":269,"alexsmobs:maggot":7,"born_in_chaos_v1:rotten_fish":2,"minecraft:oak_sapling":13,"minecraft:crafting_table":2,"born_in_chaos_v1:diamond_termite_shard":12,"minecraft:clay_ball":3,"simplyswords:iron_sai":1,"born_in_chaos_v1:seedof_chaos":2,"minecraft:brown_mushroom":5,"minecraft:wooden_pickaxe":2,"spelunkers_charm:deepslate_rock":11,"unusualprehistory:austro_feather":11,"minecraft:shield":5,"minecraft:flint_and_steel":1,"born_in_chaos_v1:intoxicating_decoction":10,"minecraft:white_carpet":6,"minecraft:detector_rail":2,"unusualprehistory:paleo_fossil":1,"minecraft:beef":70,"born_in_chaos_v1:gnawed_bones":1,"minecraft:iron_nugget":38,"minecraft:light_gray_wool":1,"quark:yellow_blossom_sapling":7,"minecraft:sugar_cane":8,"minecraft:piston":1,"minecraft:spruce_trapdoor":1,"minecraft:egg":3,"minecraft:dark_oak_sapling":9,"unusualprehistory:tar_fossil_item":5,"minecraft:raw_iron":179,"iceandfire:dragonbone":48,"minecraft:spruce_fence":1,"ironchest:iron_chest":4,"simplyswords:iron_cutlass":2,"born_in_chaos_v1:pieceofdarkmetal":5,"minecraft:carrot":1,"minecraft:redstone":52,"minecraft:dark_oak_planks":64,"iceandfire:dragon_skull_ice":1,"minecraft:tnt":1,"iceandfire:silver_ingot":1,"minecraft:arrow":45,"minecraft:stone_shovel":2,"simplyswords:iron_scythe":4,"minecraft:beetroot_seeds":4,"minecraft:hay_block":9,"minecraft:rail":14,"minecraft:gold_ingot":3,"sophisticatedbackpacks:copper_backpack":2,"minecraft:glow_berries":5,"minecraft:mutton":34,"minecraft:white_wool":10,"minecraft:skeleton_skull":2,"born_in_chaos_v1:fused_bone":1,"simplyswords:iron_katana":1,"born_in_chaos_v1:corpse_maggot":28,"born_in_chaos_v1:monster_flesh":3,"minecraft:glow_ink_sac":1,"minecraft:leather":10,"spelunkers_charm:old_miners_bundle":2,"simplyswords:iron_claymore":2,"minecraft:oak_log":26,"minecraft:gunpowder":3,"minecraft:white_banner":2,"minecraft:cooked_mutton":1,"minecraft:apple":35,"minecraft:stone_bricks":98,"minecraft:iron_ingot":30,"minecraft:stone_pickaxe":6,"aquaculture:minnow":2,"minecraft:book":189,"minecraft:milk_bucket":1,"born_in_chaos_v1:ethereal_spirit":2,"minecraft:raw_iron_block":4,"minecraft:gravel":2,"minecraft:white_bed":3,"minecraft:spruce_log":3,"quark:oak_chest":2,"minecraft:spider_eye":9,"minecraft:stone_axe":1,"minecraft:iron_helmet":4,"minecraft:melon_seeds":4,"spelunkers_charm:rock":2,"minecraft:coal":38,"minecraft:ender_pearl":1}},"DataVersion":3120}