{"stats":{"minecraft:dropped":{"minecraft:iron_ingot":6,"minecraft:spruce_sign":5,"minecraft:bread":52,"minecraft:wheat_seeds":2,"minecraft:oak_log":1,"minecraft:crafting_table":1,"unusualprehistory:tar_fossil_item":5,"sophisticatedbackpacks:gold_backpack":1,"minecraft:stick":5,"born_in_chaos_v1:monster_flesh":1,"minecraft:dirt":73,"minecraft:wooden_axe":1,"minecraft:iron_leggings":1,"minecraft:iron_pickaxe":4,"minecraft:string":3,"minecraft:bone":4,"alexsmobs:maggot":2,"simplyswords:iron_katana":1,"minecraft:white_carpet":6,"minecraft:rotten_flesh":23,"minecraft:light_gray_wool":1,"simplyswords:iron_scythe":1,"minecraft:shield":2,"born_in_chaos_v1:seedof_chaos":1,"minecraft:skeleton_skull":1,"born_in_chaos_v1:corpse_maggot":9,"minecraft:oak_sapling":13,"minecraft:spider_eye":3,"minecraft:bamboo":4,"minecraft:bow":1,"minecraft:wooden_pickaxe":1,"simplyswords:iron_claymore":2},"minecraft:mined":{"minecraft:white_bed":2,"alexsmobs:leafcutter_anthill":1,"minecraft:jungle_leaves":2,"minecraft:grass_block":6,"alexsmobs:leafcutter_ant_chamber":2,"minecraft:spruce_leaves":2,"minecraft:hay_block":8,"minecraft:raw_iron_block":2,"minecraft:fire":1,"minecraft:iron_ore":29,"treechop:chopped_log":6,"minecraft:vine":1,"minecraft:bamboo":5,"minecraft:stone":16,"minecraft:iron_block":1,"unusualprehistory:stone_tar_fossil":1,"minecraft:green_wool":1,"minecraft:smithing_table":1,"minecraft:oak_fence":1,"minecraft:crafting_table":1,"minecraft:emerald_ore":1,"iceandfire:ghost_chest":1,"spelunkers_charm:rock_pile_2":1,"minecraft:tall_grass":2,"minecraft:sugar_cane":2,"minecraft:coarse_dirt":1,"unusualprehistory:tar":26,"minecraft:stone_brick_stairs":1,"minecraft:grass":11,"minecraft:coal_ore":24,"minecraft:dirt":7,"minecraft:cobweb":2,"unusualprehistory:splattered_tar":5,"minecraft:oak_leaves":6},"minecraft:broken":{"simplyswords:iron_scythe":1,"minecraft:iron_helmet":1},"minecraft:killed":{"born_in_chaos_v1:restless_spirit":1,"minecraft:spider":21,"born_in_chaos_v1:siamese_skeletonsright":1,"born_in_chaos_v1:zombie_bruiser":2,"born_in_chaos_v1:baby_skeleton_minion":2,"born_in_chaos_v1:maggot":6,"minecraft:skeleton":15,"minecraft:horse":2,"alexsmobs:leafcutter_ant":2,"born_in_chaos_v1:firelight_not_despawn":2,"born_in_chaos_v1:barrel_zombie":1,"born_in_chaos_v1:bonescaller":1,"minecraft:pig":2,"born_in_chaos_v1:baby_skeleton":2,"minecraft:creeper":2,"born_in_chaos_v1:decrepit_skeleton":2,"minecraft:sheep":7,"born_in_chaos_v1:bloody_gadfly":6,"minecraft:zombie":17,"born_in_chaos_v1:dread_hound":3,"iceandfire:ghost":4,"ecologics:squirrel":2,"alexsmobs:fly":2,"born_in_chaos_v1:door_knight":2,"born_in_chaos_v1:siamese_skeletonsleft":1,"minecraft:enderman":2,"minecraft:cow":14},"minecraft:killed_by":{"born_in_chaos_v1:zombie_bruiser":2,"minecraft:skeleton":2,"unusualprehistory:antarctopelta":1},"minecraft:custom":{"minecraft:mob_kills":127,"minecraft:inspect_hopper":1,"minecraft:interact_with_crafting_table":33,"minecraft:open_barrel":12,"minecraft:bell_ring":21,"minecraft:damage_dealt_resisted":2225,"minecraft:leave_game":3,"minecraft:time_since_death":78178,"minecraft:climb_one_cm":7707,"minecraft:sprint_one_cm":565455,"minecraft:walk_one_cm":298986,"minecraft:damage_blocked_by_shield":210,"minecraft:drop":62,"minecraft:talked_to_villager":1,"minecraft:play_time":149292,"minecraft:deaths":5,"minecraft:sneak_time":4121,"minecraft:walk_under_water_one_cm":8858,"minecraft:boat_one_cm":18109,"minecraft:jump":3516,"minecraft:walk_on_water_one_cm":20435,"minecraft:total_world_time":149292,"minecraft:interact_with_furnace":21,"minecraft:interact_with_loom":1,"minecraft:sleep_in_bed":3,"minecraft:time_since_rest":51821,"minecraft:damage_taken":6317,"minecraft:trigger_trapped_chest":3,"minecraft:damage_dealt":22631,"minecraft:swim_one_cm":43327,"minecraft:fly_one_cm":732918,"minecraft:open_chest":58,"minecraft:crouch_one_cm":7794,"minecraft:interact_with_smoker":6,"minecraft:fall_one_cm":87434},"minecraft:crafted":{"minecraft:oak_planks":60,"minecraft:raw_iron":18,"minecraft:iron_nugget":9,"minecraft:furnace":1,"sophisticatedbackpacks:crafting_upgrade":1,"quark:blossom_chest":2,"minecraft:iron_boots":1,"minecraft:stone_pickaxe":1,"minecraft:smoker":1,"sophisticatedbackpacks:iron_backpack":2,"minecraft:wheat":45,"sophisticatedbackpacks:backpack":2,"quark:blossom_planks":148,"minecraft:cooked_porkchop":1,"minecraft:crafting_table":5,"simplyswords:iron_claymore":1,"minecraft:wooden_pickaxe":1,"minecraft:iron_helmet":1,"sophisticatedbackpacks:gold_backpack":2,"minecraft:stone_axe":1,"sophisticatedbackpacks:upgrade_base":1,"minecraft:bread":15,"minecraft:air":0,"simplyswords:iron_scythe":1,"minecraft:oak_boat":1,"minecraft:shield":2,"minecraft:stick":16,"quark:oak_chest":1,"minecraft:iron_ingot":49,"minecraft:iron_pickaxe":2,"minecraft:iron_leggings":1,"minecraft:gold_ingot":72},"minecraft:used":{"simplyswords:iron_claymore":197,"minecraft:shield":5,"minecraft:dirt":14,"iceandfire:ghost_chest":1,"minecraft:iron_helmet":2,"minecraft:iron_boots":1,"simplyswords:iron_scythe":248,"spelunkers_charm:rock":2,"minecraft:skeleton_skull":1,"minecraft:egg":3,"unusualprehistory:tar_bucket":2,"minecraft:iron_leggings":1,"quark:blossom_log":3,"minecraft:water_bucket":9,"minecraft:stone_pickaxe":19,"minecraft:baked_potato":1,"minecraft:oak_planks":7,"minecraft:wooden_pickaxe":7,"minecraft:crafting_table":5,"minecraft:white_bed":2,"minecraft:smoker":2,"minecraft:oak_log":1,"minecraft:apple":17,"minecraft:bread":102,"minecraft:iron_pickaxe":69,"minecraft:stone_axe":27,"minecraft:cobblestone":4,"minecraft:smithing_table":1,"minecraft:cooked_porkchop":2,"minecraft:bucket":12,"minecraft:oak_boat":1,"alexsmobs:animal_dictionary":1},"minecraft:picked_up":{"minecraft:wooden_axe":1,"minecraft:crafting_table":2,"minecraft:iron_chestplate":2,"born_in_chaos_v1:seedof_chaos":2,"minecraft:smithing_table":2,"minecraft:brown_mushroom":5,"minecraft:stone_brick_stairs":2,"unusualprehistory:austro_feather":4,"minecraft:shield":5,"minecraft:string":21,"minecraft:raw_copper":2,"minecraft:iron_leggings":2,"born_in_chaos_v1:intoxicating_decoction":4,"minecraft:white_carpet":6,"minecraft:sea_pickle":1,"minecraft:gold_nugget":33,"minecraft:bucket":2,"minecraft:beef":33,"born_in_chaos_v1:gnawed_bones":1,"minecraft:iron_nugget":38,"minecraft:iron_pickaxe":6,"minecraft:light_gray_wool":1,"minecraft:sugar_cane":4,"iceandfire:pixie_dust":3,"minecraft:furnace":8,"minecraft:iron_boots":1,"minecraft:egg":3,"unusualprehistory:tar_fossil_item":5,"minecraft:stick":8,"minecraft:raw_iron":72,"iceandfire:dragonbone":24,"iceandfire:ghost_chest":1,"born_in_chaos_v1:shattered_skull":2,"minecraft:oak_fence":2,"born_in_chaos_v1:phantom_powder":2,"minecraft:torch":1,"quark:blossom_log":80,"minecraft:porkchop":2,"born_in_chaos_v1:pieceofdarkmetal":5,"minecraft:carrot":1,"iceandfire:dragon_skull_ice":1,"iceandfire:silver_ingot":1,"minecraft:arrow":21,"minecraft:rotten_flesh":31,"simplyswords:iron_scythe":4,"minecraft:hay_block":8,"minecraft:iron_block":1,"minecraft:green_wool":3,"minecraft:mutton":26,"minecraft:skeleton_skull":2,"minecraft:white_wool":10,"minecraft:cobblestone":26,"born_in_chaos_v1:fused_bone":1,"born_in_chaos_v1:corpse_maggot":14,"simplyswords:iron_katana":1,"born_in_chaos_v1:monster_flesh":2,"minecraft:leather":10,"minecraft:potato":2,"simplyswords:iron_claymore":2,"minecraft:oak_log":25,"minecraft:gunpowder":3,"minecraft:dirt":104,"minecraft:lantern":10,"born_in_chaos_v1:monster_skin":1,"minecraft:bone":25,"minecraft:apple":25,"minecraft:bow":1,"minecraft:wheat_seeds":5,"minecraft:iron_ingot":28,"minecraft:stone_pickaxe":3,"minecraft:bamboo":24,"minecraft:oak_planks":31,"minecraft:cooked_porkchop":2,"born_in_chaos_v1:ethereal_spirit":2,"minecraft:raw_iron_block":4,"minecraft:white_bed":3,"minecraft:grass_block":1,"minecraft:spider_eye":5,"alexsmobs:animal_dictionary":3,"born_in_chaos_v1:fire_dust":2,"minecraft:stone_axe":1,"minecraft:iron_helmet":3,"minecraft:spruce_sign":11,"minecraft:bread":264,"minecraft:emerald":24,"alexsmobs:maggot":3,"minecraft:oak_sapling":13,"born_in_chaos_v1:rotten_fish":1,"spelunkers_charm:rock":2,"minecraft:coal":31}},"DataVersion":3120}