{"stats":{"minecraft:dropped":{"minecraft:spruce_sign":5,"minecraft:iron_ingot":6,"minecraft:bread":1,"minecraft:stick":2,"born_in_chaos_v1:monster_flesh":1,"simplyswords:iron_scythe":1,"minecraft:shield":1,"minecraft:oak_sapling":8,"minecraft:bamboo":4,"minecraft:wooden_pickaxe":1,"minecraft:iron_pickaxe":2},"minecraft:mined":{"alexsmobs:leafcutter_anthill":1,"minecraft:jungle_leaves":2,"minecraft:crafting_table":1,"minecraft:emerald_ore":1,"minecraft:grass_block":3,"alexsmobs:leafcutter_ant_chamber":2,"spelunkers_charm:rock_pile_2":1,"minecraft:tall_grass":2,"minecraft:hay_block":8,"minecraft:coarse_dirt":1,"minecraft:raw_iron_block":2,"minecraft:iron_ore":29,"treechop:chopped_log":3,"minecraft:grass":3,"minecraft:coal_ore":24,"minecraft:bamboo":1,"minecraft:stone":13,"minecraft:green_wool":1,"minecraft:oak_leaves":2},"minecraft:killed":{"born_in_chaos_v1:bonescaller":1,"minecraft:pig":1,"born_in_chaos_v1:restless_spirit":1,"born_in_chaos_v1:baby_skeleton":1,"minecraft:spider":1,"born_in_chaos_v1:zombie_bruiser":2,"born_in_chaos_v1:baby_skeleton_minion":2,"born_in_chaos_v1:maggot":1,"minecraft:sheep":5,"minecraft:skeleton":3,"minecraft:zombie":2,"iceandfire:ghost":4,"born_in_chaos_v1:dread_hound":1,"alexsmobs:leafcutter_ant":2,"born_in_chaos_v1:door_knight":2},"minecraft:killed_by":{"minecraft:skeleton":2,"born_in_chaos_v1:zombie_bruiser":2},"minecraft:custom":{"minecraft:interact_with_furnace":12,"minecraft:mob_kills":30,"minecraft:inspect_hopper":1,"minecraft:interact_with_crafting_table":15,"minecraft:open_barrel":9,"minecraft:damage_dealt_resisted":2225,"minecraft:time_since_death":12030,"minecraft:climb_one_cm":6941,"minecraft:time_since_rest":13457,"minecraft:sprint_one_cm":171548,"minecraft:damage_taken":2096,"minecraft:walk_one_cm":115326,"minecraft:damage_blocked_by_shield":60,"minecraft:trigger_trapped_chest":3,"minecraft:drop":15,"minecraft:damage_dealt":5524,"minecraft:swim_one_cm":22703,"minecraft:fly_one_cm":165043,"minecraft:open_chest":13,"minecraft:crouch_one_cm":3369,"minecraft:play_time":53539,"minecraft:deaths":4,"minecraft:sneak_time":1877,"minecraft:walk_under_water_one_cm":3526,"minecraft:jump":1066,"minecraft:walk_on_water_one_cm":5559,"minecraft:total_world_time":53539,"minecraft:interact_with_smoker":5,"minecraft:fall_one_cm":24310},"minecraft:crafted":{"minecraft:oak_planks":36,"minecraft:raw_iron":18,"minecraft:cooked_porkchop":1,"minecraft:crafting_table":2,"minecraft:wooden_pickaxe":1,"minecraft:iron_helmet":1,"minecraft:furnace":1,"minecraft:bread":15,"minecraft:air":0,"simplyswords:iron_scythe":1,"minecraft:shield":2,"minecraft:stick":8,"minecraft:iron_ingot":20,"minecraft:iron_pickaxe":2,"minecraft:stone_pickaxe":1,"minecraft:wheat":45,"minecraft:smoker":1},"minecraft:used":{"minecraft:stone_pickaxe":19,"minecraft:shield":1,"minecraft:wooden_pickaxe":7,"minecraft:dirt":5,"minecraft:crafting_table":3,"minecraft:smoker":1,"minecraft:apple":1,"minecraft:bread":26,"minecraft:iron_pickaxe":43,"minecraft:iron_helmet":2,"minecraft:cobblestone":4,"simplyswords:iron_scythe":142,"spelunkers_charm:rock":2,"minecraft:cooked_porkchop":2,"alexsmobs:animal_dictionary":1},"minecraft:picked_up":{"minecraft:iron_chestplate":1,"born_in_chaos_v1:corpse_maggot":3,"minecraft:crafting_table":1,"born_in_chaos_v1:monster_flesh":1,"born_in_chaos_v1:seedof_chaos":2,"minecraft:oak_log":16,"minecraft:shield":3,"minecraft:gunpowder":2,"minecraft:dirt":13,"minecraft:lantern":2,"born_in_chaos_v1:intoxicating_decoction":3,"minecraft:bone":10,"minecraft:apple":9,"minecraft:wheat_seeds":3,"minecraft:gold_nugget":9,"minecraft:bucket":1,"minecraft:iron_ingot":13,"minecraft:stone_pickaxe":2,"minecraft:iron_nugget":19,"minecraft:iron_pickaxe":3,"minecraft:bamboo":4,"minecraft:oak_planks":25,"minecraft:furnace":6,"minecraft:raw_iron":45,"minecraft:stick":5,"born_in_chaos_v1:shattered_skull":2,"minecraft:cooked_porkchop":2,"born_in_chaos_v1:ethereal_spirit":1,"minecraft:raw_iron_block":4,"minecraft:porkchop":1,"minecraft:white_bed":1,"born_in_chaos_v1:pieceofdarkmetal":5,"alexsmobs:animal_dictionary":2,"iceandfire:silver_ingot":1,"minecraft:arrow":5,"minecraft:rotten_flesh":18,"simplyswords:iron_scythe":3,"minecraft:hay_block":7,"minecraft:iron_helmet":2,"minecraft:spruce_sign":11,"minecraft:green_wool":2,"minecraft:bread":37,"minecraft:emerald":10,"minecraft:oak_sapling":8,"spelunkers_charm:rock":2,"minecraft:mutton":16,"minecraft:white_wool":10,"minecraft:coal":27,"minecraft:cobblestone":19}},"DataVersion":3120}