{"stats":{"minecraft:dropped":{"minecraft:iron_ingot":6,"minecraft:bread":1,"minecraft:stick":2,"born_in_chaos_v1:monster_flesh":1,"simplyswords:iron_scythe":1,"minecraft:shield":1,"minecraft:oak_sapling":8,"minecraft:wooden_pickaxe":1,"minecraft:iron_pickaxe":2},"minecraft:mined":{"minecraft:jungle_leaves":2,"minecraft:crafting_table":1,"minecraft:emerald_ore":1,"minecraft:grass_block":3,"spelunkers_charm:rock_pile_2":1,"minecraft:tall_grass":1,"minecraft:hay_block":8,"minecraft:raw_iron_block":2,"minecraft:iron_ore":29,"treechop:chopped_log":3,"minecraft:grass":3,"minecraft:coal_ore":24,"minecraft:stone":13,"minecraft:green_wool":1,"minecraft:oak_leaves":1},"minecraft:killed":{"born_in_chaos_v1:bonescaller":1,"minecraft:pig":1,"born_in_chaos_v1:baby_skeleton":1,"born_in_chaos_v1:zombie_bruiser":1,"born_in_chaos_v1:baby_skeleton_minion":2,"born_in_chaos_v1:maggot":1,"minecraft:sheep":5,"minecraft:skeleton":2,"iceandfire:ghost":4,"born_in_chaos_v1:dread_hound":1},"minecraft:killed_by":{"minecraft:skeleton":2,"born_in_chaos_v1:zombie_bruiser":2},"minecraft:custom":{"minecraft:interact_with_furnace":12,"minecraft:mob_kills":21,"minecraft:inspect_hopper":1,"minecraft:interact_with_crafting_table":15,"minecraft:open_barrel":9,"minecraft:damage_dealt_resisted":174,"minecraft:time_since_death":30,"minecraft:climb_one_cm":6338,"minecraft:time_since_rest":1457,"minecraft:sprint_one_cm":127184,"minecraft:damage_taken":1600,"minecraft:walk_one_cm":83024,"minecraft:damage_blocked_by_shield":60,"minecraft:trigger_trapped_chest":3,"minecraft:drop":13,"minecraft:damage_dealt":3243,"minecraft:swim_one_cm":9497,"minecraft:fly_one_cm":111080,"minecraft:open_chest":12,"minecraft:crouch_one_cm":2689,"minecraft:play_time":41539,"minecraft:deaths":4,"minecraft:sneak_time":1538,"minecraft:walk_under_water_one_cm":1638,"minecraft:jump":784,"minecraft:walk_on_water_one_cm":2696,"minecraft:total_world_time":41539,"minecraft:interact_with_smoker":5,"minecraft:fall_one_cm":17636},"minecraft:crafted":{"minecraft:oak_planks":36,"minecraft:cooked_porkchop":1,"minecraft:crafting_table":2,"minecraft:wooden_pickaxe":1,"minecraft:iron_helmet":1,"minecraft:furnace":1,"minecraft:bread":15,"minecraft:air":0,"simplyswords:iron_scythe":1,"minecraft:shield":2,"minecraft:stick":8,"minecraft:iron_ingot":20,"minecraft:iron_pickaxe":2,"minecraft:stone_pickaxe":1,"minecraft:wheat":45,"minecraft:smoker":1},"minecraft:used":{"minecraft:stone_pickaxe":19,"minecraft:shield":1,"minecraft:wooden_pickaxe":7,"minecraft:dirt":5,"minecraft:crafting_table":3,"minecraft:smoker":1,"minecraft:apple":1,"minecraft:bread":15,"minecraft:iron_pickaxe":43,"minecraft:iron_helmet":2,"minecraft:cobblestone":4,"simplyswords:iron_scythe":60,"spelunkers_charm:rock":2,"minecraft:cooked_porkchop":2,"alexsmobs:animal_dictionary":1},"minecraft:picked_up":{"born_in_chaos_v1:corpse_maggot":2,"minecraft:crafting_table":1,"born_in_chaos_v1:monster_flesh":1,"born_in_chaos_v1:seedof_chaos":1,"minecraft:oak_log":13,"minecraft:shield":2,"minecraft:gunpowder":2,"minecraft:dirt":11,"minecraft:lantern":1,"born_in_chaos_v1:intoxicating_decoction":2,"minecraft:bone":5,"minecraft:apple":1,"minecraft:wheat_seeds":2,"minecraft:iron_ingot":4,"minecraft:stone_pickaxe":1,"minecraft:iron_pickaxe":2,"minecraft:oak_planks":13,"minecraft:furnace":4,"minecraft:raw_iron":36,"minecraft:stick":5,"born_in_chaos_v1:shattered_skull":1,"minecraft:cooked_porkchop":2,"minecraft:raw_iron_block":2,"minecraft:porkchop":1,"born_in_chaos_v1:pieceofdarkmetal":2,"alexsmobs:animal_dictionary":1,"minecraft:arrow":2,"minecraft:rotten_flesh":7,"simplyswords:iron_scythe":2,"minecraft:hay_block":6,"minecraft:iron_helmet":1,"minecraft:spruce_sign":5,"minecraft:green_wool":1,"minecraft:bread":3,"minecraft:emerald":2,"minecraft:oak_sapling":8,"spelunkers_charm:rock":2,"minecraft:mutton":8,"minecraft:white_wool":5,"minecraft:coal":23,"minecraft:cobblestone":19}},"DataVersion":3120}