{"stats":{"minecraft:dropped":{"minecraft:iron_ingot":6,"minecraft:spruce_sign":5,"minecraft:bread":4,"minecraft:oak_log":1,"unusualprehistory:tar_fossil_item":5,"minecraft:stick":2,"born_in_chaos_v1:monster_flesh":1,"minecraft:iron_pickaxe":3,"minecraft:white_carpet":6,"minecraft:rotten_flesh":11,"simplyswords:iron_scythe":1,"minecraft:shield":1,"born_in_chaos_v1:seedof_chaos":1,"born_in_chaos_v1:corpse_maggot":1,"minecraft:oak_sapling":8,"minecraft:bamboo":4,"minecraft:wooden_pickaxe":1},"minecraft:mined":{"minecraft:white_bed":1,"alexsmobs:leafcutter_anthill":1,"minecraft:jungle_leaves":2,"minecraft:grass_block":3,"alexsmobs:leafcutter_ant_chamber":2,"minecraft:hay_block":8,"minecraft:raw_iron_block":2,"minecraft:iron_ore":29,"treechop:chopped_log":4,"minecraft:bamboo":1,"minecraft:stone":14,"minecraft:iron_block":1,"unusualprehistory:stone_tar_fossil":1,"minecraft:green_wool":1,"minecraft:smithing_table":1,"minecraft:oak_fence":1,"minecraft:crafting_table":1,"minecraft:emerald_ore":1,"minecraft:tall_grass":2,"spelunkers_charm:rock_pile_2":1,"minecraft:coarse_dirt":1,"unusualprehistory:tar":26,"minecraft:stone_brick_stairs":1,"minecraft:grass":4,"minecraft:coal_ore":24,"unusualprehistory:splattered_tar":5,"minecraft:oak_leaves":4},"minecraft:killed":{"born_in_chaos_v1:restless_spirit":1,"minecraft:spider":1,"born_in_chaos_v1:zombie_bruiser":2,"born_in_chaos_v1:baby_skeleton_minion":2,"born_in_chaos_v1:maggot":1,"minecraft:skeleton":4,"alexsmobs:leafcutter_ant":2,"born_in_chaos_v1:bonescaller":1,"minecraft:pig":1,"born_in_chaos_v1:baby_skeleton":1,"minecraft:sheep":5,"minecraft:zombie":2,"iceandfire:ghost":4,"born_in_chaos_v1:dread_hound":1,"born_in_chaos_v1:door_knight":2,"minecraft:cow":3},"minecraft:killed_by":{"born_in_chaos_v1:zombie_bruiser":2,"minecraft:skeleton":2,"unusualprehistory:antarctopelta":1},"minecraft:custom":{"minecraft:mob_kills":34,"minecraft:inspect_hopper":1,"minecraft:interact_with_crafting_table":17,"minecraft:open_barrel":10,"minecraft:bell_ring":21,"minecraft:damage_dealt_resisted":2225,"minecraft:time_since_death":6425,"minecraft:climb_one_cm":7493,"minecraft:sprint_one_cm":272745,"minecraft:walk_one_cm":176006,"minecraft:damage_blocked_by_shield":140,"minecraft:drop":25,"minecraft:play_time":77539,"minecraft:deaths":5,"minecraft:sneak_time":2248,"minecraft:walk_under_water_one_cm":4894,"minecraft:jump":1487,"minecraft:walk_on_water_one_cm":10636,"minecraft:total_world_time":77539,"minecraft:interact_with_furnace":13,"minecraft:interact_with_loom":1,"minecraft:sleep_in_bed":1,"minecraft:time_since_rest":6462,"minecraft:damage_taken":3611,"minecraft:trigger_trapped_chest":3,"minecraft:damage_dealt":6673,"minecraft:swim_one_cm":24772,"minecraft:fly_one_cm":254543,"minecraft:open_chest":21,"minecraft:crouch_one_cm":4063,"minecraft:interact_with_smoker":6,"minecraft:fall_one_cm":33704},"minecraft:crafted":{"minecraft:oak_planks":36,"minecraft:raw_iron":18,"minecraft:furnace":1,"minecraft:iron_boots":1,"minecraft:stone_pickaxe":1,"minecraft:smoker":1,"minecraft:wheat":45,"minecraft:cooked_porkchop":1,"minecraft:crafting_table":3,"minecraft:wooden_pickaxe":1,"minecraft:iron_helmet":1,"minecraft:stone_axe":1,"minecraft:bread":15,"minecraft:air":0,"simplyswords:iron_scythe":1,"minecraft:shield":2,"minecraft:stick":12,"minecraft:iron_ingot":29,"minecraft:iron_pickaxe":2,"minecraft:iron_leggings":1},"minecraft:used":{"minecraft:shield":3,"minecraft:dirt":5,"minecraft:iron_helmet":2,"minecraft:iron_boots":1,"simplyswords:iron_scythe":169,"spelunkers_charm:rock":2,"unusualprehistory:tar_bucket":2,"minecraft:iron_leggings":1,"quark:blossom_log":3,"minecraft:stone_pickaxe":19,"minecraft:oak_planks":1,"minecraft:wooden_pickaxe":7,"minecraft:crafting_table":4,"minecraft:white_bed":1,"minecraft:smoker":1,"minecraft:oak_log":1,"minecraft:apple":1,"minecraft:bread":51,"minecraft:iron_pickaxe":61,"minecraft:stone_axe":27,"minecraft:cobblestone":4,"minecraft:cooked_porkchop":2,"minecraft:bucket":2,"alexsmobs:animal_dictionary":1},"minecraft:picked_up":{"minecraft:crafting_table":1,"minecraft:iron_chestplate":2,"born_in_chaos_v1:seedof_chaos":2,"minecraft:smithing_table":2,"unusualprehistory:austro_feather":4,"minecraft:stone_brick_stairs":2,"minecraft:shield":4,"minecraft:iron_leggings":1,"born_in_chaos_v1:intoxicating_decoction":4,"minecraft:white_carpet":6,"minecraft:gold_nugget":18,"minecraft:bucket":2,"minecraft:beef":7,"minecraft:iron_nugget":38,"minecraft:iron_pickaxe":5,"minecraft:iron_boots":1,"minecraft:furnace":8,"unusualprehistory:tar_fossil_item":5,"minecraft:stick":7,"minecraft:raw_iron":72,"born_in_chaos_v1:shattered_skull":2,"minecraft:oak_fence":2,"minecraft:torch":1,"minecraft:porkchop":1,"quark:blossom_log":80,"born_in_chaos_v1:pieceofdarkmetal":5,"iceandfire:silver_ingot":1,"minecraft:arrow":10,"minecraft:rotten_flesh":18,"simplyswords:iron_scythe":4,"minecraft:hay_block":8,"minecraft:iron_block":1,"minecraft:green_wool":3,"minecraft:mutton":24,"minecraft:cobblestone":24,"minecraft:white_wool":10,"born_in_chaos_v1:corpse_maggot":3,"born_in_chaos_v1:monster_flesh":1,"minecraft:oak_log":19,"minecraft:gunpowder":2,"minecraft:dirt":13,"minecraft:lantern":9,"minecraft:bone":16,"minecraft:apple":25,"minecraft:wheat_seeds":3,"minecraft:iron_ingot":22,"minecraft:stone_pickaxe":3,"minecraft:bamboo":4,"minecraft:oak_planks":31,"minecraft:cooked_porkchop":2,"born_in_chaos_v1:ethereal_spirit":2,"minecraft:raw_iron_block":4,"minecraft:white_bed":2,"alexsmobs:animal_dictionary":3,"minecraft:stone_axe":1,"minecraft:iron_helmet":3,"minecraft:spruce_sign":11,"minecraft:emerald":24,"minecraft:bread":227,"minecraft:oak_sapling":8,"spelunkers_charm:rock":2,"minecraft:coal":31}},"DataVersion":3120}