{"stats":{"minecraft:dropped":{"minecraft:iron_ingot":6,"minecraft:stick":2,"born_in_chaos_v1:monster_flesh":1,"minecraft:shield":1,"minecraft:oak_sapling":8,"minecraft:wooden_pickaxe":1,"minecraft:iron_pickaxe":2},"minecraft:mined":{"minecraft:crafting_table":1,"minecraft:emerald_ore":1,"minecraft:grass_block":1,"minecraft:hay_block":8,"minecraft:iron_ore":20,"treechop:chopped_log":3,"minecraft:grass":3,"minecraft:coal_ore":24,"minecraft:stone":13,"minecraft:green_wool":1,"minecraft:oak_leaves":1},"minecraft:killed":{"minecraft:pig":1,"born_in_chaos_v1:zombie_bruiser":1,"born_in_chaos_v1:maggot":1,"minecraft:sheep":1,"minecraft:skeleton":2,"iceandfire:ghost":2,"born_in_chaos_v1:dread_hound":1},"minecraft:killed_by":{"minecraft:skeleton":1,"born_in_chaos_v1:zombie_bruiser":2},"minecraft:custom":{"minecraft:interact_with_furnace":12,"minecraft:mob_kills":11,"minecraft:inspect_hopper":1,"minecraft:interact_with_crafting_table":15,"minecraft:open_barrel":1,"minecraft:time_since_death":6725,"minecraft:climb_one_cm":5878,"minecraft:time_since_rest":6769,"minecraft:sprint_one_cm":94968,"minecraft:damage_taken":1163,"minecraft:walk_one_cm":57063,"minecraft:trigger_trapped_chest":1,"minecraft:drop":11,"minecraft:damage_dealt":1637,"minecraft:swim_one_cm":7138,"minecraft:fly_one_cm":64517,"minecraft:open_chest":2,"minecraft:crouch_one_cm":1932,"minecraft:play_time":29539,"minecraft:deaths":3,"minecraft:sneak_time":1022,"minecraft:walk_under_water_one_cm":310,"minecraft:jump":544,"minecraft:walk_on_water_one_cm":670,"minecraft:total_world_time":29539,"minecraft:interact_with_smoker":5,"minecraft:fall_one_cm":13169},"minecraft:crafted":{"minecraft:oak_planks":36,"minecraft:cooked_porkchop":1,"minecraft:crafting_table":2,"minecraft:wooden_pickaxe":1,"minecraft:iron_helmet":1,"minecraft:furnace":1,"minecraft:bread":15,"minecraft:air":0,"simplyswords:iron_scythe":1,"minecraft:shield":2,"minecraft:stick":8,"minecraft:iron_ingot":20,"minecraft:iron_pickaxe":2,"minecraft:stone_pickaxe":1,"minecraft:wheat":45,"minecraft:smoker":1},"minecraft:used":{"minecraft:stone_pickaxe":19,"minecraft:wooden_pickaxe":7,"minecraft:dirt":5,"minecraft:crafting_table":3,"minecraft:smoker":1,"minecraft:apple":1,"minecraft:bread":10,"minecraft:iron_pickaxe":32,"minecraft:iron_helmet":2,"minecraft:cobblestone":4,"simplyswords:iron_scythe":30,"minecraft:cooked_porkchop":2,"alexsmobs:animal_dictionary":1},"minecraft:picked_up":{"born_in_chaos_v1:corpse_maggot":2,"minecraft:crafting_table":1,"born_in_chaos_v1:monster_flesh":1,"minecraft:oak_log":13,"minecraft:shield":2,"minecraft:gunpowder":2,"minecraft:dirt":9,"minecraft:lantern":1,"born_in_chaos_v1:intoxicating_decoction":2,"minecraft:bone":4,"minecraft:apple":1,"minecraft:wheat_seeds":2,"minecraft:iron_ingot":4,"minecraft:stone_pickaxe":1,"minecraft:iron_pickaxe":2,"minecraft:oak_planks":13,"minecraft:furnace":4,"minecraft:raw_iron":27,"minecraft:stick":5,"minecraft:cooked_porkchop":2,"minecraft:porkchop":1,"born_in_chaos_v1:pieceofdarkmetal":2,"alexsmobs:animal_dictionary":1,"minecraft:arrow":2,"minecraft:rotten_flesh":7,"simplyswords:iron_scythe":1,"minecraft:hay_block":6,"minecraft:iron_helmet":1,"minecraft:green_wool":1,"minecraft:bread":2,"minecraft:emerald":2,"minecraft:oak_sapling":8,"minecraft:mutton":1,"minecraft:white_wool":1,"minecraft:coal":23,"minecraft:cobblestone":19}},"DataVersion":3120}