{"stats":{"minecraft:dropped":{"minecraft:spruce_sign":2,"minecraft:bread":130,"born_in_chaos_v1:intoxicating_decoction":1,"minecraft:coarse_dirt":3,"alexsmobs:animal_dictionary":1,"minecraft:feather":4,"minecraft:rotten_flesh":9,"alexsmobs:leafcutter_ant_pupa":2,"minecraft:diorite":1,"alexsmobs:leafcutter_ant_chamber":20,"minecraft:andesite":2,"minecraft:oak_sapling":11,"minecraft:polished_blackstone_bricks":1,"minecraft:stone_pickaxe":1,"minecraft:string":2,"minecraft:green_wool":4,"minecraft:bone":2},"minecraft:mined":{"minecraft:red_carpet":9,"minecraft:white_bed":1,"minecraft:red_bed":2,"minecraft:smoker":1,"minecraft:oak_fence":1,"minecraft:crafting_table":6,"minecraft:grass_block":6,"alexsmobs:leafcutter_ant_chamber":20,"minecraft:cobblestone":2,"minecraft:diorite":1,"minecraft:hay_block":70,"minecraft:polished_blackstone_bricks":1,"minecraft:coarse_dirt":2,"minecraft:furnace":2,"minecraft:iron_ore":7,"minecraft:white_carpet":6,"minecraft:andesite":2,"unusualprehistory:tar":8,"treechop:chopped_log":4,"minecraft:gold_block":8,"minecraft:grass":1,"minecraft:oak_log":2,"minecraft:coal_ore":13,"minecraft:vine":1,"minecraft:dirt":14,"minecraft:cobweb":1,"minecraft:stone":141,"minecraft:green_wool":2,"minecraft:oak_leaves":2},"minecraft:killed":{"unusualprehistory:antarctopelta":1,"born_in_chaos_v1:zombie_clown":1,"minecraft:pig":3,"alexsmobs:anteater":1,"minecraft:spider":1,"born_in_chaos_v1:maggot":2,"minecraft:skeleton":2,"minecraft:zombie":3,"alexsmobs:leafcutter_ant":1,"born_in_chaos_v1:corpse_fly":1,"unusualprehistory:sludge":1,"unusualprehistory:austroraptor":1,"alexsmobs:flying_fish":1},"minecraft:killed_by":{"alexsmobs:anteater":1,"unusualprehistory:antarctopelta":1},"minecraft:custom":{"minecraft:interact_with_furnace":11,"minecraft:mob_kills":18,"minecraft:inspect_hopper":1,"minecraft:interact_with_crafting_table":18,"minecraft:open_barrel":17,"minecraft:interact_with_loom":1,"minecraft:bell_ring":1,"minecraft:leave_game":1,"minecraft:time_since_death":5254,"minecraft:sleep_in_bed":1,"minecraft:climb_one_cm":4667,"minecraft:time_since_rest":5288,"minecraft:sprint_one_cm":197547,"minecraft:damage_taken":3337,"minecraft:walk_one_cm":112624,"minecraft:damage_blocked_by_shield":95,"minecraft:trigger_trapped_chest":1,"minecraft:drop":29,"minecraft:damage_dealt":3581,"minecraft:talked_to_villager":3,"minecraft:swim_one_cm":13440,"minecraft:fly_one_cm":171035,"minecraft:open_chest":20,"minecraft:crouch_one_cm":2925,"minecraft:play_time":66987,"minecraft:deaths":2,"minecraft:sneak_time":1549,"minecraft:walk_under_water_one_cm":2118,"minecraft:jump":1175,"minecraft:walk_on_water_one_cm":5974,"minecraft:interact_with_smoker":1,"minecraft:total_world_time":66987,"minecraft:fall_one_cm":28481},"minecraft:crafted":{"minecraft:oak_planks":64,"minecraft:stone_shovel":1,"minecraft:cooked_porkchop":2,"minecraft:crafting_table":2,"simplyswords:iron_katana":1,"minecraft:iron_helmet":1,"minecraft:wooden_pickaxe":1,"minecraft:furnace":2,"minecraft:bread":216,"minecraft:air":0,"minecraft:iron_boots":1,"minecraft:stick":12,"minecraft:iron_ingot":5,"minecraft:stone_pickaxe":1,"minecraft:wooden_axe":1,"minecraft:torch":4,"minecraft:stone_hoe":1,"minecraft:wheat":648},"minecraft:used":{"minecraft:stone_shovel":29,"minecraft:stone_pickaxe":81,"minecraft:wooden_pickaxe":13,"minecraft:shield":2,"minecraft:stone_hoe":49,"minecraft:dirt":3,"minecraft:red_bed":1,"minecraft:crafting_table":7,"simplyswords:iron_katana":106,"born_in_chaos_v1:corpse_maggot":1,"minecraft:wooden_axe":14,"minecraft:apple":1,"minecraft:bread":41,"minecraft:iron_pickaxe":98,"minecraft:cobblestone":50,"minecraft:furnace":2,"minecraft:cooked_porkchop":5},"minecraft:picked_up":{"minecraft:wooden_axe":2,"minecraft:coarse_dirt":3,"simplyswords:iron_katana":2,"born_in_chaos_v1:corpse_maggot":2,"minecraft:crafting_table":8,"minecraft:feather":4,"minecraft:andesite":2,"minecraft:enchanted_book":1,"minecraft:wooden_pickaxe":3,"minecraft:smoker":3,"minecraft:gold_block":16,"unusualprehistory:austro_feather":3,"minecraft:oak_log":23,"minecraft:shield":3,"minecraft:dirt":40,"minecraft:string":2,"minecraft:red_bed":3,"minecraft:flint_and_steel":1,"born_in_chaos_v1:intoxicating_decoction":1,"minecraft:bone":4,"minecraft:apple":10,"minecraft:iron_ingot":6,"minecraft:stone_pickaxe":3,"minecraft:iron_nugget":15,"minecraft:iron_pickaxe":3,"unusualprehistory:raw_austro":1,"minecraft:stone_hoe":1,"minecraft:iron_boots":1,"minecraft:oak_planks":62,"alexsmobs:leafcutter_ant_chamber":20,"minecraft:furnace":2,"minecraft:golden_helmet":1,"minecraft:stick":2,"minecraft:raw_iron":21,"minecraft:cooked_porkchop":4,"minecraft:oak_fence":2,"minecraft:torch":8,"minecraft:polished_blackstone_bricks":1,"minecraft:porkchop":6,"minecraft:white_bed":1,"minecraft:diorite":1,"alexsmobs:leafcutter_ant_pupa":2,"minecraft:stone_shovel":1,"minecraft:arrow":6,"minecraft:rotten_flesh":13,"minecraft:iron_helmet":1,"minecraft:hay_block":72,"minecraft:emerald":6,"minecraft:spruce_sign":2,"minecraft:green_wool":4,"minecraft:bread":114,"minecraft:oak_sapling":15,"alexsmobs:flying_fish":2,"minecraft:coal":108,"minecraft:cobblestone":259}},"DataVersion":3120}