{"stats":{"minecraft:dropped":{"minecraft:bread":2,"born_in_chaos_v1:intoxicating_decoction":1,"alexsmobs:animal_dictionary":1,"minecraft:oak_sapling":3,"minecraft:stone_pickaxe":1},"minecraft:mined":{"minecraft:smoker":1,"minecraft:crafting_table":5,"minecraft:grass_block":1,"minecraft:hay_block":22,"minecraft:furnace":2,"minecraft:iron_ore":7,"treechop:chopped_log":4,"minecraft:coal_ore":13,"minecraft:oak_log":1,"minecraft:vine":1,"minecraft:dirt":3,"minecraft:cobweb":1,"minecraft:stone":77,"minecraft:green_wool":2,"minecraft:oak_leaves":2},"minecraft:killed":{"born_in_chaos_v1:zombie_clown":1,"minecraft:pig":3,"alexsmobs:anteater":1,"minecraft:spider":1,"born_in_chaos_v1:maggot":2,"minecraft:skeleton":1,"minecraft:zombie":3,"born_in_chaos_v1:corpse_fly":1},"minecraft:killed_by":{"alexsmobs:anteater":1},"minecraft:custom":{"minecraft:interact_with_furnace":11,"minecraft:mob_kills":11,"minecraft:inspect_hopper":1,"minecraft:interact_with_crafting_table":9,"minecraft:open_barrel":4,"minecraft:leave_game":1,"minecraft:time_since_death":13014,"minecraft:climb_one_cm":3833,"minecraft:time_since_rest":13614,"minecraft:sprint_one_cm":92195,"minecraft:damage_taken":1516,"minecraft:walk_one_cm":50730,"minecraft:damage_blocked_by_shield":95,"minecraft:trigger_trapped_chest":1,"minecraft:drop":8,"minecraft:damage_dealt":2161,"minecraft:swim_one_cm":5986,"minecraft:fly_one_cm":64333,"minecraft:open_chest":6,"minecraft:crouch_one_cm":1824,"minecraft:play_time":34478,"minecraft:deaths":1,"minecraft:sneak_time":734,"minecraft:walk_under_water_one_cm":88,"minecraft:jump":561,"minecraft:walk_on_water_one_cm":1300,"minecraft:total_world_time":34478,"minecraft:interact_with_smoker":1,"minecraft:fall_one_cm":12597},"minecraft:crafted":{"minecraft:oak_planks":32,"minecraft:cooked_porkchop":2,"minecraft:crafting_table":1,"simplyswords:iron_katana":1,"minecraft:wooden_pickaxe":1,"minecraft:furnace":2,"minecraft:bread":72,"minecraft:air":0,"minecraft:stick":8,"minecraft:stone_pickaxe":1,"minecraft:wooden_axe":1,"minecraft:torch":4,"minecraft:wheat":216},"minecraft:used":{"minecraft:stone_pickaxe":81,"minecraft:wooden_pickaxe":13,"minecraft:shield":2,"minecraft:dirt":1,"minecraft:crafting_table":4,"simplyswords:iron_katana":40,"born_in_chaos_v1:corpse_maggot":1,"minecraft:wooden_axe":13,"minecraft:apple":1,"minecraft:bread":12,"minecraft:iron_pickaxe":11,"minecraft:cobblestone":15,"minecraft:furnace":2,"minecraft:cooked_porkchop":5},"minecraft:picked_up":{"minecraft:wooden_axe":1,"simplyswords:iron_katana":1,"born_in_chaos_v1:corpse_maggot":2,"minecraft:crafting_table":7,"minecraft:feather":2,"minecraft:wooden_pickaxe":2,"minecraft:smoker":2,"minecraft:oak_log":21,"minecraft:shield":2,"minecraft:string":1,"minecraft:dirt":7,"born_in_chaos_v1:intoxicating_decoction":1,"minecraft:bone":2,"minecraft:apple":1,"minecraft:iron_ingot":4,"minecraft:stone_pickaxe":2,"minecraft:iron_pickaxe":2,"minecraft:oak_planks":18,"minecraft:furnace":2,"minecraft:stick":2,"minecraft:raw_iron":14,"minecraft:cooked_porkchop":4,"minecraft:torch":4,"minecraft:porkchop":6,"minecraft:arrow":1,"minecraft:rotten_flesh":8,"minecraft:hay_block":24,"minecraft:green_wool":2,"minecraft:oak_sapling":11,"minecraft:coal":75,"minecraft:cobblestone":130}},"DataVersion":3120}