{"stats":{"minecraft:dropped":{"minecraft:spruce_sign":2,"minecraft:iron_ingot":3,"minecraft:bread":131,"born_in_chaos_v1:intoxicating_decoction":1,"minecraft:dark_oak_stairs":1,"minecraft:brown_mushroom":4,"born_in_chaos_v1:shattered_skull":1,"minecraft:wheat_seeds":4,"minecraft:dark_oak_sapling":2,"minecraft:feather":4,"born_in_chaos_v1:black_argillite_column_slab":1,"minecraft:oxeye_daisy":1,"minecraft:red_mushroom":6,"minecraft:item_frame":1,"minecraft:dirt":9,"minecraft:diorite":1,"alexsmobs:leafcutter_ant_chamber":20,"minecraft:seagrass":3,"minecraft:polished_blackstone_bricks":1,"simplyswords:iron_sai":2,"minecraft:string":2,"simplyswords:iron_cutlass":1,"minecraft:green_wool":4,"minecraft:bone":2,"minecraft:kelp":3,"minecraft:sugar_cane":6,"minecraft:coarse_dirt":3,"alexsmobs:animal_dictionary":1,"born_in_chaos_v1:rotten_fish":1,"born_in_chaos_v1:black_argillite_button":1,"minecraft:rotten_flesh":36,"minecraft:light_gray_wool":2,"minecraft:azure_bluet":2,"alexsmobs:leafcutter_ant_pupa":2,"minecraft:andesite":2,"born_in_chaos_v1:corpse_maggot":14,"minecraft:oak_sapling":11,"minecraft:spider_eye":3,"minecraft:stone_pickaxe":1,"simplyswords:iron_claymore":1},"minecraft:mined":{"unusualprehistory:permafrost":5,"minecraft:red_carpet":9,"minecraft:white_bed":1,"minecraft:deepslate_diamond_ore":3,"born_in_chaos_v1:infected_diamond_ore":1,"born_in_chaos_v1:dark_metal_deposit":1,"minecraft:grass_block":760,"unusualprehistory:deepslate_fossil":1,"alexsmobs:leafcutter_ant_chamber":20,"minecraft:oxeye_daisy":1,"minecraft:hay_block":70,"minecraft:polished_blackstone_bricks":1,"minecraft:furnace":3,"minecraft:fire":1,"minecraft:iron_ore":17,"minecraft:andesite":2,"treechop:chopped_log":6,"minecraft:deepslate_lapis_ore":4,"minecraft:azure_bluet":1,"minecraft:dark_oak_stairs":5,"minecraft:gold_block":8,"minecraft:deepslate_iron_ore":5,"minecraft:vine":1,"minecraft:lantern":2,"minecraft:bamboo":1,"minecraft:stone":244,"minecraft:green_wool":2,"minecraft:red_bed":3,"minecraft:smoker":1,"minecraft:oak_fence":1,"minecraft:crafting_table":7,"born_in_chaos_v1:black_argillite_column_slab":1,"minecraft:cobblestone":65,"born_in_chaos_v1:chipped_black_argillite_brick":1,"minecraft:diorite":1,"minecraft:coarse_dirt":2,"minecraft:white_carpet":6,"unusualprehistory:tar":8,"minecraft:grass":92,"minecraft:oak_log":2,"minecraft:coal_ore":16,"minecraft:sand":48,"minecraft:dirt":953,"minecraft:cobweb":1,"minecraft:deepslate":64,"minecraft:stone_bricks":2,"minecraft:oak_leaves":4,"minecraft:dark_oak_planks":17},"minecraft:broken":{"minecraft:iron_shovel":6,"simplyswords:iron_claymore":1,"minecraft:iron_pickaxe":1,"minecraft:iron_helmet":1},"minecraft:killed":{"born_in_chaos_v1:zombie_clown":1,"born_in_chaos_v1:restless_spirit":1,"born_in_chaos_v1:skeleton_demoman":2,"minecraft:spider":8,"born_in_chaos_v1:maggot":14,"minecraft:skeleton":10,"alexsmobs:leafcutter_ant":1,"born_in_chaos_v1:firelight_not_despawn":2,"alexsmobs:flying_fish":1,"born_in_chaos_v1:barrel_zombie":1,"unusualprehistory:antarctopelta":1,"minecraft:pig":4,"alexsmobs:anteater":1,"born_in_chaos_v1:diamond_termite":1,"born_in_chaos_v1:baby_skeleton":3,"minecraft:creeper":2,"born_in_chaos_v1:decrepit_skeleton":4,"minecraft:sheep":4,"born_in_chaos_v1:phantom_creeper_copy":2,"minecraft:pillager":5,"born_in_chaos_v1:bloody_gadfly":4,"alexsmobs:cockroach":3,"minecraft:zombie":37,"iceandfire:ghost":1,"born_in_chaos_v1:dread_hound":1,"born_in_chaos_v1:corpse_fly":5,"unusualprehistory:sludge":1,"born_in_chaos_v1:door_knight":1,"unusualprehistory:austroraptor":1,"minecraft:enderman":1},"minecraft:killed_by":{"alexsmobs:anteater":1,"iceandfire:sea_serpent":1,"unusualprehistory:antarctopelta":1},"minecraft:custom":{"minecraft:mob_kills":125,"minecraft:inspect_hopper":1,"minecraft:interact_with_crafting_table":58,"minecraft:open_barrel":21,"minecraft:bell_ring":3,"minecraft:damage_dealt_resisted":1129,"minecraft:leave_game":3,"minecraft:time_since_death":84078,"minecraft:climb_one_cm":5059,"minecraft:sprint_one_cm":747137,"minecraft:walk_one_cm":468249,"minecraft:damage_blocked_by_shield":425,"minecraft:drop":72,"minecraft:talked_to_villager":4,"minecraft:play_time":242050,"minecraft:sneak_time":7734,"minecraft:deaths":3,"minecraft:walk_under_water_one_cm":12291,"minecraft:boat_one_cm":48081,"minecraft:jump":4143,"minecraft:walk_on_water_one_cm":43137,"minecraft:total_world_time":242050,"minecraft:interact_with_furnace":54,"minecraft:interact_with_loom":1,"minecraft:raid_trigger":1,"minecraft:interact_with_stonecutter":5,"minecraft:sleep_in_bed":7,"minecraft:time_since_rest":39360,"minecraft:damage_taken":7245,"minecraft:trigger_trapped_chest":1,"minecraft:damage_dealt":23747,"minecraft:swim_one_cm":85546,"minecraft:fly_one_cm":777994,"minecraft:open_chest":96,"minecraft:crouch_one_cm":18900,"minecraft:interact_with_smoker":1,"minecraft:fall_one_cm":104948,"minecraft:interact_with_smithing_table":2},"minecraft:crafted":{"simplyswords:iron_sai":2,"minecraft:oak_planks":76,"minecraft:stone_shovel":1,"minecraft:iron_nugget":9,"simplyswords:iron_katana":1,"minecraft:furnace":4,"minecraft:stone":110,"minecraft:gray_dye":14,"minecraft:bone_meal":24,"minecraft:gray_wool":6,"simplyswords:iron_longsword":2,"minecraft:dark_oak_door":3,"minecraft:iron_boots":1,"minecraft:stone_pickaxe":1,"minecraft:dark_oak_planks":256,"minecraft:stone_hoe":1,"minecraft:wheat":648,"minecraft:cooked_porkchop":2,"minecraft:dark_oak_stairs":16,"minecraft:crafting_table":4,"simplyswords:iron_claymore":1,"minecraft:iron_helmet":1,"minecraft:wooden_pickaxe":1,"minecraft:bread":216,"minecraft:air":0,"minecraft:oak_boat":1,"minecraft:stone_brick_stairs":5,"minecraft:white_wool":2,"minecraft:iron_chestplate":1,"minecraft:charcoal":23,"minecraft:white_dye":24,"quark:oak_chest":4,"minecraft:stick":28,"minecraft:iron_ingot":22,"minecraft:iron_pickaxe":1,"minecraft:wooden_axe":1,"minecraft:iron_shovel":7,"minecraft:iron_leggings":1,"minecraft:stonecutter":1,"minecraft:gray_carpet":9,"minecraft:torch":16,"minecraft:black_dye":7},"minecraft:used":{"simplyswords:iron_claymore":249,"minecraft:iron_shovel":1746,"minecraft:stone_shovel":29,"minecraft:shield":3,"minecraft:stone_hoe":49,"minecraft:iron_chestplate":2,"minecraft:torch":7,"minecraft:dirt":268,"simplyswords:iron_katana":146,"minecraft:dark_oak_planks":146,"born_in_chaos_v1:corpse_maggot":1,"minecraft:wooden_axe":14,"minecraft:lantern":4,"minecraft:iron_helmet":1,"simplyswords:iron_longsword":17,"minecraft:stone_brick_stairs":4,"minecraft:stone_bricks":55,"minecraft:furnace":6,"minecraft:potato":1,"minecraft:cobbled_deepslate":1,"minecraft:dark_oak_stairs":20,"minecraft:gray_carpet":9,"minecraft:stone_pickaxe":81,"minecraft:wooden_pickaxe":13,"minecraft:stonecutter":1,"minecraft:crafting_table":10,"minecraft:red_bed":3,"minecraft:white_bed":1,"minecraft:dark_oak_door":1,"minecraft:apple":1,"minecraft:dark_oak_log":2,"minecraft:bread":132,"minecraft:iron_pickaxe":372,"simplyswords:iron_sai":128,"minecraft:stone_axe":66,"minecraft:cobblestone":434,"minecraft:cooked_porkchop":5,"quark:oak_chest":4,"minecraft:oak_boat":3},"minecraft:picked_up":{"minecraft:wooden_axe":4,"minecraft:coarse_dirt":3,"minecraft:crafting_table":12,"sophisticatedbackpacks:gold_backpack":1,"minecraft:iron_chestplate":1,"minecraft:azure_bluet":2,"minecraft:clay_ball":3,"minecraft:brown_mushroom":4,"minecraft:wooden_pickaxe":4,"spelunkers_charm:deepslate_rock":5,"minecraft:gold_block":16,"minecraft:enchanted_book":1,"unusualprehistory:austro_feather":10,"minecraft:stone_brick_stairs":2,"minecraft:shield":4,"minecraft:string":7,"minecraft:red_bed":4,"minecraft:flint_and_steel":1,"minecraft:iron_leggings":1,"born_in_chaos_v1:intoxicating_decoction":4,"minecraft:item_frame":2,"minecraft:iron_shovel":2,"minecraft:cobbled_deepslate":51,"minecraft:oak_boat":2,"minecraft:iron_nugget":16,"minecraft:iron_pickaxe":9,"minecraft:light_gray_wool":2,"minecraft:sugar_cane":10,"iceandfire:dragonbone":24,"minecraft:iron_boots":2,"alexsmobs:leafcutter_ant_chamber":20,"minecraft:furnace":4,"minecraft:dark_oak_sapling":18,"minecraft:golden_helmet":1,"minecraft:stick":15,"minecraft:raw_iron":37,"born_in_chaos_v1:shattered_skull":2,"minecraft:oak_fence":2,"born_in_chaos_v1:phantom_powder":2,"minecraft:torch":19,"minecraft:gray_dye":10,"minecraft:porkchop":7,"minecraft:polished_blackstone_bricks":1,"simplyswords:iron_cutlass":1,"minecraft:pointed_dripstone":1,"minecraft:diorite":1,"born_in_chaos_v1:pieceofdarkmetal":3,"alexsmobs:leafcutter_ant_pupa":2,"minecraft:dark_oak_planks":81,"minecraft:arrow":18,"minecraft:rotten_flesh":95,"minecraft:stone_shovel":1,"minecraft:hay_block":73,"born_in_chaos_v1:spiny_shell":2,"minecraft:green_wool":6,"minecraft:gold_ingot":5,"minecraft:mutton":28,"minecraft:white_wool":6,"alexsmobs:flying_fish":2,"minecraft:cobblestone":534,"minecraft:oxeye_daisy":1,"simplyswords:iron_katana":3,"born_in_chaos_v1:corpse_maggot":32,"born_in_chaos_v1:black_argillite_column_slab":1,"minecraft:feather":4,"minecraft:glow_ink_sac":6,"minecraft:andesite":2,"minecraft:red_mushroom":6,"minecraft:smoker":3,"minecraft:potato":2,"simplyswords:iron_claymore":2,"minecraft:oak_log":25,"born_in_chaos_v1:black_argillite_button":1,"minecraft:gunpowder":3,"minecraft:lapis_lazuli":27,"minecraft:dirt":1889,"minecraft:lantern":5,"minecraft:white_banner":1,"minecraft:name_tag":2,"minecraft:bone":30,"minecraft:apple":11,"minecraft:stone_bricks":2,"minecraft:kelp":3,"minecraft:bow":3,"unusualprehistory:permafrost":4,"minecraft:wheat_seeds":32,"alexsmobs:cockroach_wing_fragment":1,"minecraft:iron_ingot":24,"minecraft:stone_pickaxe":4,"aquaculture:minnow":1,"minecraft:bamboo":6,"minecraft:dark_oak_stairs":5,"minecraft:stone_hoe":1,"minecraft:oak_planks":74,"unusualprehistory:raw_austro":1,"minecraft:cooked_porkchop":4,"born_in_chaos_v1:ethereal_spirit":2,"minecraft:dripstone_block":4,"minecraft:sand":45,"sophisticatedbackpacks:jukebox_upgrade":1,"alexsmobs:animal_dictionary":1,"quark:oak_chest":1,"minecraft:grass_block":1,"minecraft:white_bed":1,"minecraft:dark_oak_log":105,"minecraft:spider_eye":5,"born_in_chaos_v1:fire_dust":2,"minecraft:diamond":2,"minecraft:stone_axe":2,"minecraft:iron_helmet":2,"minecraft:crossbow":1,"minecraft:emerald":6,"minecraft:spruce_sign":2,"minecraft:bread":145,"simplyswords:iron_sai":2,"born_in_chaos_v1:diamond_termite_shard":1,"alexsmobs:maggot":1,"minecraft:oak_sapling":15,"born_in_chaos_v1:rotten_fish":2,"minecraft:charcoal":16,"minecraft:seagrass":3,"minecraft:coal":112,"minecraft:ender_pearl":3}},"DataVersion":3120}