{"stats":{"minecraft:dropped":{"minecraft:spruce_sign":2,"minecraft:bread":130,"born_in_chaos_v1:intoxicating_decoction":1,"minecraft:feather":4,"minecraft:diorite":1,"alexsmobs:leafcutter_ant_chamber":20,"minecraft:polished_blackstone_bricks":1,"minecraft:string":2,"minecraft:bone":2,"minecraft:green_wool":4,"minecraft:coarse_dirt":3,"alexsmobs:animal_dictionary":1,"born_in_chaos_v1:rotten_fish":1,"minecraft:rotten_flesh":9,"alexsmobs:leafcutter_ant_pupa":2,"minecraft:andesite":2,"minecraft:oak_sapling":11,"minecraft:stone_pickaxe":1,"simplyswords:iron_claymore":1},"minecraft:mined":{"minecraft:red_carpet":9,"minecraft:white_bed":1,"minecraft:grass_block":559,"alexsmobs:leafcutter_ant_chamber":20,"minecraft:hay_block":70,"minecraft:polished_blackstone_bricks":1,"minecraft:furnace":2,"minecraft:iron_ore":7,"minecraft:andesite":2,"treechop:chopped_log":4,"minecraft:gold_block":8,"minecraft:vine":1,"minecraft:lantern":1,"minecraft:stone":180,"minecraft:green_wool":2,"minecraft:red_bed":3,"minecraft:smoker":1,"minecraft:oak_fence":1,"minecraft:crafting_table":6,"minecraft:cobblestone":2,"minecraft:diorite":1,"minecraft:coarse_dirt":2,"minecraft:white_carpet":6,"unusualprehistory:tar":8,"minecraft:grass":60,"minecraft:coal_ore":13,"minecraft:oak_log":2,"minecraft:dirt":618,"minecraft:cobweb":1,"minecraft:oak_leaves":2},"minecraft:broken":{"minecraft:iron_shovel":4},"minecraft:killed":{"born_in_chaos_v1:zombie_clown":1,"minecraft:spider":1,"born_in_chaos_v1:maggot":2,"minecraft:skeleton":2,"alexsmobs:leafcutter_ant":1,"alexsmobs:flying_fish":1,"born_in_chaos_v1:barrel_zombie":1,"unusualprehistory:antarctopelta":1,"minecraft:pig":3,"alexsmobs:anteater":1,"minecraft:creeper":1,"born_in_chaos_v1:bloody_gadfly":2,"minecraft:pillager":4,"minecraft:zombie":5,"born_in_chaos_v1:corpse_fly":1,"unusualprehistory:sludge":1,"unusualprehistory:austroraptor":1},"minecraft:killed_by":{"alexsmobs:anteater":1,"unusualprehistory:antarctopelta":1},"minecraft:custom":{"minecraft:interact_with_smithing_table":1,"minecraft:mob_kills":28,"minecraft:inspect_hopper":1,"minecraft:interact_with_crafting_table":28,"minecraft:open_barrel":18,"minecraft:bell_ring":1,"minecraft:leave_game":1,"minecraft:time_since_death":41254,"minecraft:climb_one_cm":4667,"minecraft:sprint_one_cm":274161,"minecraft:walk_one_cm":213819,"minecraft:damage_blocked_by_shield":95,"minecraft:drop":31,"minecraft:talked_to_villager":3,"minecraft:play_time":102987,"minecraft:deaths":2,"minecraft:sneak_time":2245,"minecraft:walk_under_water_one_cm":2411,"minecraft:jump":1623,"minecraft:walk_on_water_one_cm":6406,"minecraft:total_world_time":102987,"minecraft:interact_with_furnace":18,"minecraft:interact_with_loom":1,"minecraft:sleep_in_bed":5,"minecraft:time_since_rest":16068,"minecraft:damage_taken":3718,"minecraft:trigger_trapped_chest":1,"minecraft:damage_dealt":5837,"minecraft:swim_one_cm":17503,"minecraft:fly_one_cm":262784,"minecraft:open_chest":39,"minecraft:crouch_one_cm":6093,"minecraft:interact_with_smoker":1,"minecraft:fall_one_cm":34959},"minecraft:crafted":{"minecraft:oak_planks":76,"minecraft:stone_shovel":1,"minecraft:iron_nugget":9,"simplyswords:iron_katana":1,"minecraft:furnace":3,"minecraft:iron_boots":1,"minecraft:stone_pickaxe":1,"minecraft:stone_hoe":1,"minecraft:wheat":648,"minecraft:cooked_porkchop":2,"minecraft:crafting_table":2,"simplyswords:iron_claymore":1,"minecraft:wooden_pickaxe":1,"minecraft:iron_helmet":1,"minecraft:air":0,"minecraft:bread":216,"minecraft:iron_chestplate":1,"minecraft:stick":24,"quark:oak_chest":4,"minecraft:iron_ingot":19,"minecraft:wooden_axe":1,"minecraft:iron_shovel":5,"minecraft:torch":4},"minecraft:used":{"simplyswords:iron_claymore":4,"minecraft:iron_shovel":1173,"minecraft:stone_shovel":29,"minecraft:shield":2,"minecraft:stone_hoe":49,"minecraft:iron_chestplate":1,"minecraft:torch":4,"minecraft:dirt":241,"simplyswords:iron_katana":144,"born_in_chaos_v1:corpse_maggot":1,"minecraft:wooden_axe":14,"minecraft:lantern":2,"minecraft:furnace":4,"minecraft:potato":1,"minecraft:stone_pickaxe":81,"minecraft:wooden_pickaxe":13,"minecraft:crafting_table":8,"minecraft:red_bed":3,"minecraft:white_bed":1,"minecraft:apple":1,"minecraft:bread":52,"minecraft:iron_pickaxe":138,"minecraft:cobblestone":50,"minecraft:cooked_porkchop":5,"quark:oak_chest":4},"minecraft:picked_up":{"minecraft:wooden_axe":2,"minecraft:crafting_table":8,"minecraft:coarse_dirt":3,"minecraft:clay_ball":3,"minecraft:wooden_pickaxe":3,"minecraft:gold_block":16,"minecraft:enchanted_book":1,"unusualprehistory:austro_feather":3,"minecraft:shield":3,"minecraft:string":2,"minecraft:red_bed":4,"minecraft:flint_and_steel":1,"born_in_chaos_v1:intoxicating_decoction":1,"minecraft:iron_nugget":15,"minecraft:iron_pickaxe":3,"alexsmobs:leafcutter_ant_chamber":20,"minecraft:iron_boots":1,"minecraft:furnace":2,"minecraft:raw_iron":21,"minecraft:golden_helmet":1,"minecraft:stick":2,"minecraft:oak_fence":2,"minecraft:torch":8,"minecraft:porkchop":6,"minecraft:polished_blackstone_bricks":1,"minecraft:diorite":1,"alexsmobs:leafcutter_ant_pupa":2,"minecraft:arrow":8,"minecraft:rotten_flesh":15,"minecraft:stone_shovel":1,"minecraft:hay_block":72,"minecraft:green_wool":4,"minecraft:cobblestone":298,"alexsmobs:flying_fish":2,"born_in_chaos_v1:corpse_maggot":6,"simplyswords:iron_katana":2,"minecraft:feather":4,"minecraft:andesite":2,"minecraft:smoker":3,"minecraft:potato":1,"simplyswords:iron_claymore":1,"minecraft:oak_log":23,"minecraft:dirt":1196,"minecraft:lantern":1,"minecraft:white_banner":1,"minecraft:name_tag":1,"minecraft:bone":4,"minecraft:apple":10,"minecraft:wheat_seeds":26,"minecraft:iron_ingot":6,"minecraft:stone_pickaxe":3,"minecraft:oak_planks":62,"minecraft:stone_hoe":1,"unusualprehistory:raw_austro":1,"minecraft:cooked_porkchop":4,"minecraft:white_bed":1,"minecraft:iron_helmet":1,"minecraft:crossbow":1,"minecraft:spruce_sign":2,"minecraft:bread":114,"minecraft:emerald":6,"born_in_chaos_v1:rotten_fish":1,"minecraft:oak_sapling":15,"minecraft:coal":108}},"DataVersion":3120}