{"stats":{"minecraft:dropped":{"minecraft:spruce_sign":2,"minecraft:iron_ingot":3,"minecraft:bread":131,"born_in_chaos_v1:intoxicating_decoction":1,"minecraft:brown_mushroom":4,"born_in_chaos_v1:shattered_skull":1,"minecraft:wheat_seeds":4,"minecraft:dark_oak_sapling":2,"minecraft:feather":4,"born_in_chaos_v1:black_argillite_column_slab":1,"minecraft:red_mushroom":6,"minecraft:item_frame":1,"minecraft:dirt":9,"minecraft:diorite":1,"alexsmobs:leafcutter_ant_chamber":20,"minecraft:polished_blackstone_bricks":1,"minecraft:string":2,"minecraft:green_wool":4,"minecraft:bone":2,"minecraft:coarse_dirt":3,"alexsmobs:animal_dictionary":1,"born_in_chaos_v1:rotten_fish":1,"born_in_chaos_v1:black_argillite_button":1,"minecraft:rotten_flesh":36,"minecraft:light_gray_wool":2,"alexsmobs:leafcutter_ant_pupa":2,"minecraft:andesite":2,"born_in_chaos_v1:corpse_maggot":14,"minecraft:oak_sapling":11,"minecraft:spider_eye":3,"minecraft:stone_pickaxe":1,"simplyswords:iron_claymore":1},"minecraft:mined":{"minecraft:red_carpet":9,"minecraft:white_bed":1,"born_in_chaos_v1:dark_metal_deposit":1,"minecraft:grass_block":759,"alexsmobs:leafcutter_ant_chamber":20,"minecraft:hay_block":70,"minecraft:polished_blackstone_bricks":1,"minecraft:furnace":2,"minecraft:fire":1,"minecraft:iron_ore":7,"minecraft:andesite":2,"treechop:chopped_log":6,"minecraft:dark_oak_stairs":5,"minecraft:gold_block":8,"minecraft:vine":1,"minecraft:lantern":2,"minecraft:bamboo":1,"minecraft:stone":242,"minecraft:green_wool":2,"minecraft:red_bed":3,"minecraft:smoker":1,"minecraft:oak_fence":1,"minecraft:crafting_table":7,"born_in_chaos_v1:black_argillite_column_slab":1,"minecraft:cobblestone":62,"born_in_chaos_v1:chipped_black_argillite_brick":1,"minecraft:diorite":1,"minecraft:coarse_dirt":2,"minecraft:white_carpet":6,"unusualprehistory:tar":8,"minecraft:grass":92,"minecraft:oak_log":2,"minecraft:coal_ore":13,"minecraft:dirt":951,"minecraft:cobweb":1,"minecraft:stone_bricks":2,"minecraft:oak_leaves":4,"minecraft:dark_oak_planks":15},"minecraft:broken":{"minecraft:iron_shovel":6,"minecraft:iron_pickaxe":1},"minecraft:killed":{"born_in_chaos_v1:zombie_clown":1,"born_in_chaos_v1:restless_spirit":1,"born_in_chaos_v1:skeleton_demoman":1,"minecraft:spider":5,"born_in_chaos_v1:maggot":9,"minecraft:skeleton":4,"alexsmobs:leafcutter_ant":1,"born_in_chaos_v1:firelight_not_despawn":2,"alexsmobs:flying_fish":1,"born_in_chaos_v1:barrel_zombie":1,"unusualprehistory:antarctopelta":1,"minecraft:pig":4,"alexsmobs:anteater":1,"born_in_chaos_v1:baby_skeleton":1,"minecraft:creeper":1,"born_in_chaos_v1:decrepit_skeleton":4,"born_in_chaos_v1:phantom_creeper_copy":2,"minecraft:pillager":5,"born_in_chaos_v1:bloody_gadfly":3,"alexsmobs:cockroach":1,"minecraft:zombie":30,"iceandfire:ghost":1,"born_in_chaos_v1:corpse_fly":2,"unusualprehistory:sludge":1,"unusualprehistory:austroraptor":1,"minecraft:enderman":1},"minecraft:killed_by":{"alexsmobs:anteater":1,"iceandfire:sea_serpent":1,"unusualprehistory:antarctopelta":1},"minecraft:custom":{"minecraft:mob_kills":83,"minecraft:inspect_hopper":1,"minecraft:interact_with_crafting_table":39,"minecraft:open_barrel":19,"minecraft:bell_ring":3,"minecraft:leave_game":3,"minecraft:time_since_death":30078,"minecraft:climb_one_cm":5059,"minecraft:sprint_one_cm":596942,"minecraft:walk_one_cm":396409,"minecraft:damage_blocked_by_shield":425,"minecraft:drop":62,"minecraft:talked_to_villager":3,"minecraft:play_time":188050,"minecraft:sneak_time":4702,"minecraft:deaths":3,"minecraft:walk_under_water_one_cm":6920,"minecraft:boat_one_cm":48081,"minecraft:jump":3160,"minecraft:walk_on_water_one_cm":19708,"minecraft:total_world_time":188050,"minecraft:interact_with_furnace":29,"minecraft:interact_with_loom":1,"minecraft:raid_trigger":1,"minecraft:interact_with_stonecutter":5,"minecraft:sleep_in_bed":6,"minecraft:time_since_rest":7598,"minecraft:damage_taken":5751,"minecraft:trigger_trapped_chest":1,"minecraft:damage_dealt":17038,"minecraft:swim_one_cm":48691,"minecraft:fly_one_cm":599791,"minecraft:open_chest":55,"minecraft:crouch_one_cm":13342,"minecraft:interact_with_smoker":1,"minecraft:fall_one_cm":78291,"minecraft:interact_with_smithing_table":1},"minecraft:crafted":{"minecraft:oak_planks":76,"minecraft:stone_shovel":1,"minecraft:iron_nugget":9,"simplyswords:iron_katana":1,"minecraft:furnace":3,"minecraft:stone":110,"minecraft:iron_boots":1,"minecraft:stone_pickaxe":1,"minecraft:dark_oak_planks":256,"minecraft:stone_hoe":1,"minecraft:wheat":648,"minecraft:cooked_porkchop":2,"minecraft:dark_oak_stairs":16,"minecraft:crafting_table":3,"simplyswords:iron_claymore":1,"minecraft:iron_helmet":1,"minecraft:wooden_pickaxe":1,"minecraft:bread":216,"minecraft:air":0,"minecraft:oak_boat":1,"minecraft:stone_brick_stairs":5,"minecraft:iron_chestplate":1,"quark:oak_chest":4,"minecraft:stick":28,"minecraft:iron_ingot":19,"minecraft:iron_pickaxe":1,"minecraft:wooden_axe":1,"minecraft:iron_shovel":7,"minecraft:iron_leggings":1,"minecraft:stonecutter":1,"minecraft:torch":16},"minecraft:used":{"simplyswords:iron_claymore":191,"minecraft:iron_shovel":1695,"minecraft:stone_shovel":29,"minecraft:shield":3,"minecraft:stone_hoe":49,"minecraft:iron_chestplate":2,"minecraft:torch":7,"minecraft:dirt":268,"simplyswords:iron_katana":144,"minecraft:dark_oak_planks":144,"born_in_chaos_v1:corpse_maggot":1,"minecraft:wooden_axe":14,"minecraft:lantern":4,"minecraft:iron_helmet":1,"minecraft:stone_brick_stairs":4,"minecraft:stone_bricks":55,"minecraft:furnace":4,"minecraft:potato":1,"minecraft:dark_oak_stairs":20,"minecraft:stone_pickaxe":81,"minecraft:wooden_pickaxe":13,"minecraft:stonecutter":1,"minecraft:crafting_table":9,"minecraft:red_bed":3,"minecraft:white_bed":1,"minecraft:apple":1,"minecraft:bread":99,"minecraft:iron_pickaxe":269,"minecraft:stone_axe":63,"minecraft:cobblestone":407,"minecraft:cooked_porkchop":5,"quark:oak_chest":4,"minecraft:oak_boat":3},"minecraft:picked_up":{"minecraft:wooden_axe":3,"minecraft:coarse_dirt":3,"minecraft:crafting_table":10,"sophisticatedbackpacks:gold_backpack":1,"minecraft:iron_chestplate":1,"minecraft:clay_ball":3,"minecraft:brown_mushroom":4,"minecraft:wooden_pickaxe":3,"minecraft:gold_block":16,"minecraft:enchanted_book":1,"unusualprehistory:austro_feather":3,"minecraft:shield":4,"minecraft:string":5,"minecraft:red_bed":4,"minecraft:flint_and_steel":1,"minecraft:iron_leggings":1,"born_in_chaos_v1:intoxicating_decoction":1,"minecraft:item_frame":2,"minecraft:iron_shovel":1,"minecraft:oak_boat":2,"minecraft:iron_nugget":15,"minecraft:iron_pickaxe":6,"minecraft:light_gray_wool":2,"minecraft:iron_boots":2,"alexsmobs:leafcutter_ant_chamber":20,"minecraft:furnace":3,"minecraft:dark_oak_sapling":10,"minecraft:golden_helmet":1,"minecraft:stick":15,"minecraft:raw_iron":21,"born_in_chaos_v1:shattered_skull":2,"minecraft:oak_fence":2,"born_in_chaos_v1:phantom_powder":1,"minecraft:torch":8,"minecraft:porkchop":7,"minecraft:polished_blackstone_bricks":1,"minecraft:diorite":1,"born_in_chaos_v1:pieceofdarkmetal":1,"alexsmobs:leafcutter_ant_pupa":2,"minecraft:dark_oak_planks":15,"minecraft:arrow":10,"minecraft:rotten_flesh":84,"minecraft:stone_shovel":1,"minecraft:hay_block":72,"minecraft:green_wool":4,"minecraft:gold_ingot":2,"alexsmobs:flying_fish":2,"minecraft:cobblestone":496,"simplyswords:iron_katana":3,"born_in_chaos_v1:corpse_maggot":24,"born_in_chaos_v1:black_argillite_column_slab":1,"minecraft:feather":4,"minecraft:andesite":2,"minecraft:red_mushroom":6,"minecraft:smoker":3,"minecraft:potato":2,"simplyswords:iron_claymore":2,"minecraft:oak_log":25,"born_in_chaos_v1:black_argillite_button":1,"minecraft:dirt":1819,"minecraft:lantern":5,"minecraft:white_banner":1,"minecraft:name_tag":1,"minecraft:bone":17,"minecraft:apple":11,"minecraft:stone_bricks":2,"minecraft:bow":1,"minecraft:wheat_seeds":32,"minecraft:iron_ingot":9,"minecraft:stone_pickaxe":3,"minecraft:bamboo":6,"minecraft:dark_oak_stairs":5,"minecraft:stone_hoe":1,"minecraft:oak_planks":74,"unusualprehistory:raw_austro":1,"minecraft:cooked_porkchop":4,"minecraft:grass_block":1,"minecraft:white_bed":1,"minecraft:dark_oak_log":105,"minecraft:spider_eye":5,"born_in_chaos_v1:fire_dust":2,"minecraft:stone_axe":1,"minecraft:iron_helmet":2,"minecraft:crossbow":1,"minecraft:emerald":6,"minecraft:spruce_sign":2,"minecraft:bread":140,"minecraft:oak_sapling":15,"born_in_chaos_v1:rotten_fish":1,"minecraft:coal":108,"minecraft:ender_pearl":1}},"DataVersion":3120}