{"stats":{"minecraft:dropped":{"minecraft:spruce_sign":2,"minecraft:bread":130,"born_in_chaos_v1:intoxicating_decoction":1,"minecraft:feather":4,"minecraft:diorite":1,"alexsmobs:leafcutter_ant_chamber":20,"minecraft:polished_blackstone_bricks":1,"minecraft:string":2,"minecraft:bone":2,"minecraft:green_wool":4,"minecraft:coarse_dirt":3,"alexsmobs:animal_dictionary":1,"minecraft:rotten_flesh":9,"alexsmobs:leafcutter_ant_pupa":2,"minecraft:andesite":2,"minecraft:oak_sapling":11,"minecraft:stone_pickaxe":1},"minecraft:mined":{"minecraft:red_carpet":9,"minecraft:white_bed":1,"minecraft:grass_block":155,"alexsmobs:leafcutter_ant_chamber":20,"minecraft:hay_block":70,"minecraft:polished_blackstone_bricks":1,"minecraft:furnace":2,"minecraft:iron_ore":7,"minecraft:andesite":2,"treechop:chopped_log":4,"minecraft:gold_block":8,"minecraft:vine":1,"minecraft:stone":143,"minecraft:green_wool":2,"minecraft:red_bed":3,"minecraft:smoker":1,"minecraft:oak_fence":1,"minecraft:crafting_table":6,"minecraft:cobblestone":2,"minecraft:diorite":1,"minecraft:coarse_dirt":2,"minecraft:white_carpet":6,"unusualprehistory:tar":8,"minecraft:grass":20,"minecraft:coal_ore":13,"minecraft:oak_log":2,"minecraft:dirt":234,"minecraft:cobweb":1,"minecraft:oak_leaves":2},"minecraft:broken":{"minecraft:iron_shovel":1},"minecraft:killed":{"born_in_chaos_v1:zombie_clown":1,"minecraft:spider":1,"born_in_chaos_v1:maggot":2,"minecraft:skeleton":2,"alexsmobs:leafcutter_ant":1,"alexsmobs:flying_fish":1,"unusualprehistory:antarctopelta":1,"minecraft:pig":3,"alexsmobs:anteater":1,"born_in_chaos_v1:bloody_gadfly":1,"minecraft:zombie":3,"born_in_chaos_v1:corpse_fly":1,"unusualprehistory:sludge":1,"unusualprehistory:austroraptor":1},"minecraft:killed_by":{"alexsmobs:anteater":1,"unusualprehistory:antarctopelta":1},"minecraft:custom":{"minecraft:mob_kills":19,"minecraft:inspect_hopper":1,"minecraft:interact_with_crafting_table":24,"minecraft:open_barrel":18,"minecraft:bell_ring":1,"minecraft:leave_game":1,"minecraft:time_since_death":17254,"minecraft:climb_one_cm":4667,"minecraft:sprint_one_cm":214181,"minecraft:walk_one_cm":148490,"minecraft:damage_blocked_by_shield":95,"minecraft:drop":29,"minecraft:talked_to_villager":3,"minecraft:play_time":78987,"minecraft:deaths":2,"minecraft:sneak_time":1973,"minecraft:walk_under_water_one_cm":2411,"minecraft:jump":1282,"minecraft:walk_on_water_one_cm":6406,"minecraft:total_world_time":78987,"minecraft:interact_with_furnace":13,"minecraft:interact_with_loom":1,"minecraft:sleep_in_bed":3,"minecraft:time_since_rest":10597,"minecraft:damage_taken":3337,"minecraft:trigger_trapped_chest":1,"minecraft:damage_dealt":3781,"minecraft:swim_one_cm":17503,"minecraft:fly_one_cm":193413,"minecraft:open_chest":31,"minecraft:crouch_one_cm":5143,"minecraft:interact_with_smoker":1,"minecraft:fall_one_cm":29526},"minecraft:crafted":{"minecraft:oak_planks":76,"minecraft:stone_shovel":1,"simplyswords:iron_katana":1,"minecraft:furnace":3,"minecraft:iron_boots":1,"minecraft:stone_pickaxe":1,"minecraft:stone_hoe":1,"minecraft:wheat":648,"minecraft:cooked_porkchop":2,"minecraft:crafting_table":2,"minecraft:wooden_pickaxe":1,"minecraft:iron_helmet":1,"minecraft:air":0,"minecraft:bread":216,"minecraft:iron_chestplate":1,"minecraft:stick":20,"quark:oak_chest":2,"minecraft:iron_ingot":5,"minecraft:wooden_axe":1,"minecraft:iron_shovel":3,"minecraft:torch":4},"minecraft:used":{"minecraft:iron_shovel":373,"minecraft:stone_shovel":29,"minecraft:shield":2,"minecraft:stone_hoe":49,"minecraft:iron_chestplate":1,"minecraft:dirt":81,"simplyswords:iron_katana":110,"born_in_chaos_v1:corpse_maggot":1,"minecraft:wooden_axe":14,"minecraft:furnace":3,"minecraft:stone_pickaxe":81,"minecraft:wooden_pickaxe":13,"minecraft:crafting_table":8,"minecraft:red_bed":3,"minecraft:white_bed":1,"minecraft:apple":1,"minecraft:bread":42,"minecraft:iron_pickaxe":100,"minecraft:cobblestone":50,"minecraft:cooked_porkchop":5,"quark:oak_chest":2},"minecraft:picked_up":{"minecraft:wooden_axe":2,"minecraft:crafting_table":8,"minecraft:coarse_dirt":3,"minecraft:wooden_pickaxe":3,"minecraft:gold_block":16,"minecraft:enchanted_book":1,"unusualprehistory:austro_feather":3,"minecraft:shield":3,"minecraft:string":2,"minecraft:red_bed":4,"minecraft:flint_and_steel":1,"born_in_chaos_v1:intoxicating_decoction":1,"minecraft:iron_nugget":15,"minecraft:iron_pickaxe":3,"alexsmobs:leafcutter_ant_chamber":20,"minecraft:iron_boots":1,"minecraft:furnace":2,"minecraft:raw_iron":21,"minecraft:golden_helmet":1,"minecraft:stick":2,"minecraft:oak_fence":2,"minecraft:torch":8,"minecraft:porkchop":6,"minecraft:polished_blackstone_bricks":1,"minecraft:diorite":1,"alexsmobs:leafcutter_ant_pupa":2,"minecraft:arrow":8,"minecraft:rotten_flesh":13,"minecraft:stone_shovel":1,"minecraft:hay_block":72,"minecraft:green_wool":4,"minecraft:cobblestone":261,"alexsmobs:flying_fish":2,"born_in_chaos_v1:corpse_maggot":4,"simplyswords:iron_katana":2,"minecraft:feather":4,"minecraft:andesite":2,"minecraft:smoker":3,"minecraft:oak_log":23,"minecraft:dirt":406,"minecraft:bone":4,"minecraft:apple":10,"minecraft:wheat_seeds":9,"minecraft:iron_ingot":6,"minecraft:stone_pickaxe":3,"minecraft:oak_planks":62,"minecraft:stone_hoe":1,"unusualprehistory:raw_austro":1,"minecraft:cooked_porkchop":4,"minecraft:white_bed":1,"minecraft:iron_helmet":1,"minecraft:spruce_sign":2,"minecraft:bread":114,"minecraft:emerald":6,"minecraft:oak_sapling":15,"minecraft:coal":108}},"DataVersion":3120}