{"stats":{"minecraft:dropped":{"minecraft:spruce_sign":2,"minecraft:brown_mushroom":4,"minecraft:dark_oak_stairs":1,"minecraft:dark_oak_sapling":2,"minecraft:red_mushroom":6,"minecraft:item_frame":1,"minecraft:dirt":10,"minecraft:seagrass":3,"minecraft:bone_meal":16,"minecraft:polished_blackstone_bricks":1,"minecraft:dark_oak_planks":64,"simplyswords:iron_sai":2,"minecraft:gold_ingot":9,"minecraft:bone":2,"minecraft:green_wool":4,"minecraft:gravel":1,"minecraft:sugar_cane":6,"alexsmobs:animal_dictionary":1,"minecraft:pointed_dripstone":1,"minecraft:rotten_flesh":36,"minecraft:azure_bluet":2,"alexsmobs:leafcutter_ant_pupa":2,"minecraft:leather_chestplate":1,"born_in_chaos_v1:corpse_maggot":14,"minecraft:bread":131,"minecraft:iron_ingot":3,"born_in_chaos_v1:intoxicating_decoction":1,"born_in_chaos_v1:shattered_skull":1,"minecraft:wheat_seeds":4,"minecraft:dripstone_block":4,"minecraft:feather":4,"minecraft:book":126,"born_in_chaos_v1:black_argillite_column_slab":1,"minecraft:oxeye_daisy":1,"minecraft:milk_bucket":1,"minecraft:diorite":1,"alexsmobs:leafcutter_ant_chamber":20,"minecraft:iron_leggings":2,"minecraft:string":3,"simplyswords:iron_cutlass":1,"minecraft:kelp":3,"minecraft:coarse_dirt":3,"born_in_chaos_v1:rotten_fish":1,"born_in_chaos_v1:black_argillite_button":1,"minecraft:light_gray_wool":2,"alexsmobs:cockroach_wing_fragment":1,"minecraft:iron_chestplate":2,"minecraft:andesite":2,"minecraft:oak_sapling":11,"minecraft:spider_eye":3,"minecraft:stone_pickaxe":1,"simplyswords:iron_claymore":1},"minecraft:mined":{"minecraft:dark_oak_planks":23,"minecraft:white_bed":1,"unusualprehistory:permafrost":5,"minecraft:grass_block":764,"born_in_chaos_v1:dark_metal_deposit":1,"unusualprehistory:deepslate_fossil":1,"minecraft:oxeye_daisy":1,"minecraft:polished_blackstone_bricks":1,"minecraft:cobbled_deepslate":1,"minecraft:iron_ore":17,"minecraft:fire":2,"minecraft:deepslate_lapis_ore":7,"minecraft:azure_bluet":1,"minecraft:dark_oak_stairs":9,"minecraft:red_bed":3,"minecraft:smoker":1,"born_in_chaos_v1:black_argillite_column_slab":1,"minecraft:nether_quartz_ore":7,"minecraft:glass":1,"minecraft:cobblestone":65,"ecologics:seashell":1,"minecraft:wheat":86,"minecraft:grass":97,"minecraft:oak_log":3,"minecraft:dark_oak_sapling":1,"minecraft:lime_terracotta":3,"minecraft:sand":144,"minecraft:dirt":962,"minecraft:netherrack":2,"minecraft:oak_leaves":4,"minecraft:deepslate":65,"minecraft:yellow_terracotta":14,"minecraft:tuff":2,"minecraft:red_carpet":9,"minecraft:deepslate_diamond_ore":3,"minecraft:dark_oak_log":4,"born_in_chaos_v1:infected_diamond_ore":4,"minecraft:nether_bricks":1,"alexsmobs:leafcutter_ant_chamber":20,"minecraft:moss_block":1,"minecraft:hay_block":70,"minecraft:furnace":3,"minecraft:green_terracotta":7,"minecraft:andesite":2,"treechop:chopped_log":7,"minecraft:gold_block":8,"minecraft:bookshelf":21,"minecraft:vine":1,"minecraft:deepslate_iron_ore":16,"minecraft:lantern":2,"minecraft:bamboo":1,"minecraft:stone":246,"minecraft:green_wool":2,"minecraft:comparator":1,"minecraft:oak_fence":1,"minecraft:crafting_table":8,"minecraft:tall_grass":1,"born_in_chaos_v1:chipped_black_argillite_brick":1,"minecraft:diorite":1,"minecraft:coarse_dirt":2,"minecraft:white_carpet":12,"unusualprehistory:tar":8,"minecraft:coal_ore":16,"minecraft:gravel":4,"minecraft:cobweb":1,"minecraft:stone_bricks":2},"minecraft:broken":{"minecraft:iron_shovel":7,"minecraft:iron_boots":1,"simplyswords:iron_claymore":1,"minecraft:stone_axe":1,"minecraft:iron_pickaxe":1,"minecraft:iron_helmet":1},"minecraft:killed":{"born_in_chaos_v1:zombie_clown":1,"born_in_chaos_v1:restless_spirit":1,"born_in_chaos_v1:zombie_lumberjack":1,"born_in_chaos_v1:skeleton_demoman":2,"minecraft:spider":10,"born_in_chaos_v1:siamese_skeletonsright":1,"born_in_chaos_v1:baby_skeleton_minion":2,"minecraft:skeleton":12,"alexsmobs:leafcutter_ant":1,"alexsmobs:straddler":1,"born_in_chaos_v1:firelight_not_despawn":2,"unusualprehistory:antarctopelta":1,"born_in_chaos_v1:bonescaller":2,"minecraft:pig":5,"alexsmobs:anteater":1,"born_in_chaos_v1:diamond_termite":4,"minecraft:creeper":3,"minecraft:sheep":4,"born_in_chaos_v1:zombie_fisherman":1,"minecraft:pillager":6,"minecraft:zombie":40,"born_in_chaos_v1:dread_hound":1,"born_in_chaos_v1:corpse_fly":9,"born_in_chaos_v1:door_knight":1,"unusualprehistory:austroraptor":1,"born_in_chaos_v1:siamese_skeletonsleft":1,"minecraft:blaze":1,"minecraft:slime":2,"born_in_chaos_v1:thornshell_crab":1,"born_in_chaos_v1:zombie_bruiser":1,"born_in_chaos_v1:maggot":17,"alexsmobs:flying_fish":1,"born_in_chaos_v1:barrel_zombie":2,"born_in_chaos_v1:fallen_chaos_knight":1,"born_in_chaos_v1:baby_skeleton":3,"born_in_chaos_v1:decrepit_skeleton":7,"born_in_chaos_v1:phantom_creeper_copy":2,"born_in_chaos_v1:bloody_gadfly":4,"alexsmobs:cockroach":3,"iceandfire:ghost":1,"unusualprehistory:sludge":1,"minecraft:wither_skeleton":2,"minecraft:enderman":2},"minecraft:custom":{"minecraft:interact_with_crafting_table":88,"minecraft:open_barrel":23,"minecraft:bell_ring":3,"minecraft:leave_game":3,"minecraft:time_since_death":22559,"minecraft:sprint_one_cm":1027196,"minecraft:damage_blocked_by_shield":425,"minecraft:drop":98,"minecraft:talked_to_villager":4,"minecraft:play_time":326050,"minecraft:deaths":4,"minecraft:jump":5623,"minecraft:walk_on_water_one_cm":60370,"minecraft:interact_with_furnace":70,"minecraft:interact_with_loom":1,"minecraft:sleep_in_bed":10,"minecraft:damage_dealt":33223,"minecraft:crouch_one_cm":27891,"minecraft:interact_with_smoker":6,"minecraft:interact_with_smithing_table":2,"minecraft:mob_kills":167,"minecraft:inspect_hopper":1,"minecraft:damage_dealt_resisted":1677,"minecraft:climb_one_cm":5762,"minecraft:walk_one_cm":621716,"minecraft:sneak_time":10515,"minecraft:walk_under_water_one_cm":16516,"minecraft:boat_one_cm":92647,"minecraft:total_world_time":326050,"minecraft:raid_trigger":1,"minecraft:interact_with_stonecutter":5,"minecraft:time_since_rest":22593,"minecraft:damage_taken":9555,"minecraft:trigger_trapped_chest":1,"minecraft:swim_one_cm":89568,"minecraft:fly_one_cm":1096665,"minecraft:open_chest":194,"minecraft:fall_one_cm":147717},"minecraft:killed_by":{"minecraft:zombified_piglin":1,"alexsmobs:anteater":1,"iceandfire:sea_serpent":1,"unusualprehistory:antarctopelta":1},"minecraft:crafted":{"minecraft:black_dye":7,"minecraft:oak_planks":76,"minecraft:dark_oak_boat":1,"simplyswords:iron_katana":1,"minecraft:stone":110,"minecraft:gray_wool":6,"simplyswords:iron_longsword":2,"minecraft:dark_oak_door":3,"minecraft:glass":64,"minecraft:iron_boots":2,"minecraft:gray_stained_glass_pane":32,"minecraft:stone_hoe":1,"minecraft:gray_stained_glass":56,"minecraft:cooked_porkchop":2,"simplyswords:iron_claymore":1,"minecraft:crafting_table":6,"minecraft:wooden_pickaxe":1,"minecraft:iron_helmet":2,"born_in_chaos_v1:spiny_shell_trap":1,"minecraft:stone_brick_stairs":5,"minecraft:iron_chestplate":2,"minecraft:charcoal":23,"minecraft:stick":40,"quark:oak_chest":4,"minecraft:iron_ingot":22,"minecraft:iron_pickaxe":1,"minecraft:gray_carpet":9,"simplyswords:iron_sai":2,"minecraft:stone_shovel":1,"minecraft:iron_nugget":18,"minecraft:furnace":4,"minecraft:gray_dye":14,"minecraft:bone_meal":69,"simplyswords:iron_warglaive":1,"minecraft:flint_and_steel":1,"quark:dark_oak_chest":1,"minecraft:iron_axe":1,"minecraft:stone_pickaxe":1,"minecraft:dark_oak_planks":632,"minecraft:wheat":648,"minecraft:dark_oak_stairs":32,"simplyswords:iron_chakram":2,"minecraft:air":0,"minecraft:bread":237,"minecraft:oak_boat":1,"minecraft:white_wool":2,"minecraft:white_dye":24,"minecraft:wooden_axe":1,"minecraft:iron_shovel":8,"minecraft:iron_leggings":2,"minecraft:stonecutter":1,"minecraft:torch":24},"minecraft:used":{"minecraft:iron_shovel":1854,"minecraft:shield":3,"minecraft:green_terracotta":2,"minecraft:iron_chestplate":2,"minecraft:glass":1,"born_in_chaos_v1:corpse_maggot":1,"minecraft:lantern":4,"minecraft:iron_helmet":1,"simplyswords:iron_longsword":80,"minecraft:stone_brick_stairs":4,"minecraft:stone_bricks":55,"minecraft:dark_oak_boat":2,"minecraft:furnace":6,"minecraft:potato":1,"minecraft:dark_oak_sapling":5,"minecraft:dark_oak_stairs":31,"minecraft:stone_pickaxe":81,"minecraft:gray_carpet":9,"minecraft:wooden_pickaxe":13,"minecraft:sand":1,"minecraft:yellow_terracotta":12,"simplyswords:iron_chakram":186,"minecraft:dark_oak_log":2,"minecraft:gray_stained_glass_pane":11,"minecraft:bread":185,"minecraft:oak_boat":3,"minecraft:bone_meal":17,"minecraft:gray_stained_glass":39,"simplyswords:iron_claymore":249,"minecraft:flint_and_steel":1,"minecraft:stone_shovel":29,"minecraft:stone_hoe":49,"minecraft:netherrack":2,"minecraft:torch":11,"minecraft:dirt":275,"simplyswords:iron_katana":146,"ecologics:seashell":1,"minecraft:wooden_axe":14,"minecraft:dark_oak_planks":332,"minecraft:iron_axe":17,"minecraft:basalt":3,"minecraft:cobbled_deepslate":21,"minecraft:wheat_seeds":164,"minecraft:water_bucket":1,"minecraft:stonecutter":1,"minecraft:lime_terracotta":1,"minecraft:crafting_table":13,"minecraft:red_bed":3,"minecraft:white_bed":1,"minecraft:dark_oak_door":2,"minecraft:oak_log":1,"minecraft:apple":1,"minecraft:iron_pickaxe":430,"simplyswords:iron_sai":156,"minecraft:stone_axe":103,"quark:dark_oak_chest":1,"minecraft:cobblestone":434,"minecraft:white_banner":1,"minecraft:cooked_porkchop":5,"quark:oak_chest":4},"minecraft:picked_up":{"minecraft:wooden_axe":4,"minecraft:seagrass":5,"minecraft:iron_chestplate":3,"minecraft:wheat":109,"minecraft:enchanted_book":1,"minecraft:stone_brick_stairs":2,"minecraft:music_disc_cat":1,"minecraft:string":10,"minecraft:iron_leggings":3,"minecraft:cobbled_deepslate":55,"minecraft:bucket":1,"minecraft:iron_pickaxe":11,"alexsmobs:leafcutter_ant_chamber":20,"minecraft:iron_boots":2,"minecraft:furnace":4,"minecraft:golden_helmet":1,"minecraft:stick":17,"born_in_chaos_v1:shattered_skull":3,"minecraft:oak_fence":2,"born_in_chaos_v1:phantom_powder":2,"minecraft:torch":19,"minecraft:porkchop":10,"minecraft:pointed_dripstone":1,"minecraft:diorite":1,"minecraft:green_terracotta":12,"quark:clear_shard":4,"minecraft:rotten_flesh":110,"minecraft:green_wool":6,"alexsmobs:flying_fish":2,"minecraft:cobblestone":536,"minecraft:feather":4,"minecraft:magma_cream":2,"minecraft:water_bucket":1,"minecraft:andesite":2,"minecraft:jungle_log":1,"minecraft:dark_oak_boat":2,"minecraft:smoker":3,"minecraft:potato":2,"minecraft:flint":1,"minecraft:tuff":2,"born_in_chaos_v1:black_argillite_button":1,"minecraft:lapis_lazuli":44,"minecraft:dirt":1899,"minecraft:lantern":5,"minecraft:name_tag":2,"minecraft:bone":49,"minecraft:bow":4,"minecraft:wheat_seeds":327,"minecraft:bamboo":6,"minecraft:oak_planks":74,"minecraft:stone_hoe":1,"minecraft:cooked_porkchop":4,"minecraft:lime_terracotta":5,"minecraft:sand":139,"sophisticatedbackpacks:jukebox_upgrade":1,"minecraft:grass_block":1,"minecraft:dark_oak_log":181,"alexsmobs:animal_dictionary":1,"born_in_chaos_v1:fire_dust":2,"minecraft:diamond":2,"minecraft:crossbow":1,"minecraft:bone_meal":19,"minecraft:spruce_sign":2,"minecraft:bread":162,"minecraft:emerald":6,"alexsmobs:maggot":1,"born_in_chaos_v1:rotten_fish":2,"minecraft:oak_sapling":15,"minecraft:netherrack":2,"minecraft:charcoal":16,"born_in_chaos_v1:diamond_termite_shard":7,"sophisticatedbackpacks:gold_backpack":2,"minecraft:crafting_table":13,"minecraft:coarse_dirt":3,"minecraft:azure_bluet":2,"iceandfire:witherbone":2,"simplyswords:iron_sai":3,"minecraft:clay_ball":3,"minecraft:brown_mushroom":4,"ecologics:seashell":1,"minecraft:wooden_pickaxe":4,"spelunkers_charm:deepslate_rock":19,"minecraft:gold_block":16,"unusualprehistory:austro_feather":10,"minecraft:shield":4,"minecraft:red_bed":4,"minecraft:iron_axe":1,"minecraft:flint_and_steel":2,"minecraft:white_carpet":5,"born_in_chaos_v1:intoxicating_decoction":4,"minecraft:item_frame":2,"minecraft:iron_shovel":2,"minecraft:oak_boat":2,"minecraft:iron_nugget":16,"minecraft:poppy":1,"minecraft:light_gray_wool":2,"minecraft:sugar_cane":10,"minecraft:dark_oak_sapling":23,"minecraft:raw_iron":48,"iceandfire:dragonbone":24,"minecraft:gray_dye":10,"minecraft:polished_blackstone_bricks":1,"simplyswords:iron_cutlass":1,"born_in_chaos_v1:pieceofdarkmetal":10,"alexsmobs:leafcutter_ant_pupa":2,"minecraft:dark_oak_planks":87,"minecraft:arrow":23,"minecraft:stone_shovel":1,"minecraft:hay_block":73,"minecraft:yellow_terracotta":14,"born_in_chaos_v1:spiny_shell":6,"minecraft:gold_ingot":5,"minecraft:mutton":28,"minecraft:oxeye_daisy":1,"minecraft:white_wool":12,"born_in_chaos_v1:fused_bone":2,"born_in_chaos_v1:corpse_maggot":34,"simplyswords:iron_katana":3,"born_in_chaos_v1:black_argillite_column_slab":1,"minecraft:basalt":3,"minecraft:glow_ink_sac":12,"minecraft:red_mushroom":6,"simplyswords:iron_claymore":2,"minecraft:oak_log":26,"minecraft:gunpowder":3,"minecraft:white_banner":2,"minecraft:apple":14,"minecraft:stone_bricks":2,"minecraft:kelp":3,"unusualprehistory:permafrost":4,"alexsmobs:cockroach_wing_fragment":2,"minecraft:stone_pickaxe":4,"minecraft:iron_ingot":28,"aquaculture:minnow":1,"unusualprehistory:raw_austro":1,"minecraft:dark_oak_stairs":9,"minecraft:book":126,"minecraft:quartz":14,"born_in_chaos_v1:ethereal_spirit":2,"minecraft:dripstone_block":4,"minecraft:gravel":1,"minecraft:white_bed":1,"quark:oak_chest":1,"minecraft:spider_eye":5,"minecraft:stone_axe":2,"minecraft:iron_helmet":2,"simplyswords:iron_chakram":2,"minecraft:coal":114,"minecraft:ender_pearl":3}},"DataVersion":3120}