{"stats":{"minecraft:dropped":{"minecraft:spruce_sign":2,"minecraft:porkchop":5,"minecraft:brown_mushroom":4,"minecraft:dark_oak_stairs":1,"minecraft:oak_log":2,"minecraft:dark_oak_sapling":2,"minecraft:item_frame":2,"minecraft:red_mushroom":6,"born_in_chaos_v1:monster_flesh":1,"minecraft:dirt":10,"minecraft:stone_button":14,"minecraft:seagrass":5,"minecraft:bone_meal":16,"iceandfire:ash":1,"minecraft:polished_blackstone_bricks":1,"minecraft:dark_oak_planks":64,"minecraft:dark_oak_boat":1,"simplyswords:iron_sai":2,"minecraft:green_wool":4,"minecraft:gold_ingot":9,"minecraft:bone":2,"minecraft:gravel":1,"minecraft:sugar_cane":6,"alexsmobs:animal_dictionary":1,"minecraft:pointed_dripstone":1,"minecraft:rotten_flesh":37,"paraglider:goddess_statue":1,"minecraft:azure_bluet":2,"alexsmobs:leafcutter_ant_pupa":2,"minecraft:oak_fence_gate":1,"minecraft:leather_chestplate":1,"minecraft:stone_brick_wall":5,"born_in_chaos_v1:corpse_maggot":14,"minecraft:white_dye":1,"minecraft:stone_brick_stairs":1,"iceandfire:dragonbone_sword":1,"minecraft:iron_ingot":3,"minecraft:bread":131,"born_in_chaos_v1:intoxicating_decoction":1,"minecraft:oak_slab":2,"born_in_chaos_v1:shattered_skull":1,"minecraft:wheat_seeds":5,"minecraft:dripstone_block":4,"minecraft:oak_fence":3,"minecraft:feather":4,"minecraft:book":126,"born_in_chaos_v1:black_argillite_column_slab":1,"ecologics:crab_claw":1,"minecraft:coal":1,"minecraft:oxeye_daisy":1,"minecraft:milk_bucket":1,"minecraft:diorite":1,"alexsmobs:leafcutter_ant_chamber":20,"minecraft:iron_leggings":2,"minecraft:oak_stairs":2,"minecraft:string":3,"iceandfire:dragonbone":6,"simplyswords:iron_cutlass":1,"minecraft:kelp":3,"minecraft:coarse_dirt":3,"iceandfire:witherbone":1,"born_in_chaos_v1:rotten_fish":1,"born_in_chaos_v1:black_argillite_button":1,"minecraft:light_gray_wool":2,"minecraft:lily_of_the_valley":2,"alexsmobs:cockroach_wing_fragment":1,"minecraft:iron_chestplate":2,"minecraft:andesite":2,"minecraft:oak_sapling":11,"minecraft:spider_eye":3,"minecraft:stone_bricks":2,"minecraft:bow":1,"minecraft:stone_pickaxe":1,"minecraft:magma_cream":1,"simplyswords:iron_claymore":1},"minecraft:mined":{"minecraft:dark_oak_planks":24,"minecraft:white_bed":1,"unusualprehistory:permafrost":5,"minecraft:spruce_trapdoor":1,"minecraft:cave_vines_plant":1,"minecraft:stone_brick_wall":4,"minecraft:grass_block":766,"born_in_chaos_v1:dark_metal_deposit":1,"unusualprehistory:deepslate_fossil":1,"minecraft:coal_block":8,"minecraft:oxeye_daisy":1,"minecraft:spawner":1,"minecraft:smooth_stone":1,"minecraft:polished_blackstone_bricks":1,"minecraft:iron_ore":17,"minecraft:cobbled_deepslate":1,"minecraft:fire":2,"minecraft:anvil":1,"minecraft:deepslate_lapis_ore":7,"minecraft:azure_bluet":1,"minecraft:dark_oak_stairs":9,"minecraft:iron_block":1,"minecraft:red_bed":4,"minecraft:smoker":1,"minecraft:white_stained_glass_pane":2,"born_in_chaos_v1:black_argillite_column_slab":1,"minecraft:nether_quartz_ore":7,"minecraft:glass":1,"minecraft:cobblestone":65,"ecologics:seashell":1,"minecraft:wheat":86,"minecraft:stone_brick_stairs":1,"minecraft:grass":100,"minecraft:oak_log":4,"minecraft:dark_oak_sapling":1,"minecraft:lime_terracotta":3,"minecraft:sand":145,"minecraft:dirt":963,"minecraft:netherrack":2,"minecraft:oak_leaves":4,"minecraft:deepslate":65,"minecraft:yellow_terracotta":14,"minecraft:red_carpet":9,"minecraft:tuff":2,"minecraft:deepslate_diamond_ore":3,"minecraft:dark_oak_log":4,"born_in_chaos_v1:infected_diamond_ore":4,"minecraft:nether_bricks":1,"alexsmobs:leafcutter_ant_chamber":20,"minecraft:spruce_leaves":2,"minecraft:moss_block":3,"minecraft:hay_block":70,"minecraft:furnace":3,"minecraft:andesite":2,"minecraft:green_terracotta":7,"treechop:chopped_log":11,"minecraft:gold_block":8,"minecraft:bookshelf":21,"minecraft:deepslate_iron_ore":16,"minecraft:vine":1,"minecraft:lantern":2,"minecraft:bamboo":1,"minecraft:stone":252,"minecraft:green_wool":2,"minecraft:comparator":1,"minecraft:potted_lily_of_the_valley":2,"minecraft:oak_fence":1,"minecraft:crafting_table":10,"minecraft:tall_grass":2,"born_in_chaos_v1:chipped_black_argillite_brick":1,"minecraft:diorite":1,"minecraft:coarse_dirt":2,"minecraft:white_carpet":12,"iceandfire:ash":1,"unusualprehistory:tar":8,"minecraft:coal_ore":16,"minecraft:gravel":4,"minecraft:cobweb":1,"minecraft:stone_bricks":4},"minecraft:broken":{"minecraft:iron_shovel":7,"minecraft:iron_boots":1,"simplyswords:iron_claymore":1,"minecraft:stone_axe":1,"minecraft:iron_pickaxe":1,"minecraft:iron_helmet":1},"minecraft:killed":{"born_in_chaos_v1:zombie_clown":1,"born_in_chaos_v1:restless_spirit":1,"born_in_chaos_v1:zombie_lumberjack":1,"born_in_chaos_v1:skeleton_demoman":2,"minecraft:spider":12,"born_in_chaos_v1:siamese_skeletonsright":1,"born_in_chaos_v1:baby_skeleton_minion":2,"minecraft:skeleton":26,"alexsmobs:leafcutter_ant":1,"ecologics:coconut_crab":1,"alexsmobs:straddler":1,"born_in_chaos_v1:firelight_not_despawn":3,"unusualprehistory:antarctopelta":1,"born_in_chaos_v1:bonescaller":2,"alexsmobs:anteater":1,"minecraft:pig":5,"born_in_chaos_v1:diamond_termite":4,"minecraft:creeper":3,"minecraft:sheep":4,"born_in_chaos_v1:zombie_fisherman":1,"minecraft:pillager":6,"minecraft:zombie":42,"born_in_chaos_v1:dread_hound":3,"born_in_chaos_v1:corpse_fly":10,"born_in_chaos_v1:door_knight":2,"unusualprehistory:austroraptor":1,"born_in_chaos_v1:siamese_skeletonsleft":1,"minecraft:blaze":1,"minecraft:slime":2,"born_in_chaos_v1:thornshell_crab":1,"born_in_chaos_v1:zombie_bruiser":1,"born_in_chaos_v1:maggot":17,"iceandfire:fire_dragon":1,"alexsmobs:flying_fish":1,"born_in_chaos_v1:barrel_zombie":2,"born_in_chaos_v1:fallen_chaos_knight":1,"born_in_chaos_v1:baby_skeleton":3,"born_in_chaos_v1:decrepit_skeleton":7,"born_in_chaos_v1:phantom_creeper_copy":2,"born_in_chaos_v1:bloody_gadfly":4,"alexsmobs:cockroach":4,"iceandfire:ghost":1,"unusualprehistory:sludge":1,"minecraft:wither_skeleton":2,"minecraft:enderman":2},"minecraft:killed_by":{"minecraft:zombified_piglin":1,"alexsmobs:anteater":1,"iceandfire:sea_serpent":1,"iceandfire:gorgon":2,"unusualprehistory:antarctopelta":1},"minecraft:custom":{"minecraft:interact_with_crafting_table":91,"minecraft:open_barrel":37,"minecraft:bell_ring":3,"minecraft:eat_cake_slice":1,"minecraft:leave_game":5,"minecraft:time_since_death":34248,"minecraft:sprint_one_cm":1274467,"minecraft:damage_blocked_by_shield":425,"minecraft:drop":140,"minecraft:talked_to_villager":5,"minecraft:play_time":381331,"minecraft:deaths":6,"minecraft:jump":7436,"minecraft:walk_on_water_one_cm":80351,"minecraft:interact_with_furnace":70,"minecraft:interact_with_loom":1,"minecraft:sleep_in_bed":11,"minecraft:damage_dealt":38724,"minecraft:crouch_one_cm":32408,"minecraft:interact_with_smoker":7,"minecraft:interact_with_smithing_table":3,"minecraft:mob_kills":194,"minecraft:inspect_hopper":1,"minecraft:damage_dealt_resisted":2683,"minecraft:climb_one_cm":12405,"minecraft:walk_one_cm":713152,"minecraft:sneak_time":12132,"minecraft:walk_under_water_one_cm":27882,"minecraft:boat_one_cm":116860,"minecraft:total_world_time":381331,"minecraft:raid_trigger":1,"minecraft:interact_with_stonecutter":5,"minecraft:time_since_rest":13504,"minecraft:damage_taken":2147483647,"minecraft:trigger_trapped_chest":1,"minecraft:swim_one_cm":120233,"minecraft:fly_one_cm":1424831,"minecraft:open_chest":235,"minecraft:fall_one_cm":180559},"minecraft:crafted":{"minecraft:black_dye":7,"minecraft:oak_planks":152,"minecraft:dark_oak_boat":2,"simplyswords:iron_katana":1,"minecraft:stone":110,"minecraft:gray_wool":6,"simplyswords:iron_longsword":2,"minecraft:dark_oak_door":3,"minecraft:glass":64,"minecraft:iron_boots":2,"minecraft:gray_stained_glass_pane":32,"minecraft:stone_hoe":1,"minecraft:gray_stained_glass":56,"minecraft:cooked_porkchop":2,"minecraft:crafting_table":7,"simplyswords:iron_claymore":1,"minecraft:wooden_pickaxe":1,"minecraft:iron_helmet":2,"born_in_chaos_v1:spiny_shell_trap":1,"minecraft:stone_brick_stairs":5,"minecraft:iron_chestplate":2,"minecraft:charcoal":23,"minecraft:stick":40,"quark:oak_chest":4,"minecraft:iron_ingot":22,"minecraft:iron_pickaxe":1,"minecraft:gray_carpet":9,"simplyswords:iron_sai":2,"minecraft:stone_shovel":1,"minecraft:iron_nugget":18,"minecraft:furnace":4,"minecraft:gray_dye":14,"minecraft:bone_meal":69,"simplyswords:iron_warglaive":1,"minecraft:flint_and_steel":1,"quark:dark_oak_chest":1,"minecraft:iron_axe":1,"minecraft:stone_pickaxe":1,"minecraft:dark_oak_planks":632,"minecraft:wheat":648,"minecraft:dark_oak_stairs":32,"simplyswords:iron_chakram":2,"minecraft:bread":237,"minecraft:air":0,"minecraft:oak_boat":1,"minecraft:white_wool":2,"minecraft:white_dye":24,"minecraft:wooden_axe":1,"minecraft:iron_shovel":8,"minecraft:iron_leggings":2,"minecraft:stonecutter":1,"minecraft:torch":24},"minecraft:used":{"minecraft:iron_shovel":1854,"minecraft:shield":3,"minecraft:green_terracotta":2,"minecraft:iron_chestplate":2,"minecraft:glass":1,"born_in_chaos_v1:corpse_maggot":1,"minecraft:lantern":4,"minecraft:iron_helmet":1,"simplyswords:iron_longsword":80,"minecraft:stone_brick_stairs":4,"minecraft:stone_bricks":55,"minecraft:bow":1,"minecraft:dark_oak_boat":7,"minecraft:furnace":6,"minecraft:potato":1,"minecraft:dark_oak_sapling":5,"minecraft:dark_oak_stairs":31,"minecraft:oak_planks":72,"minecraft:stone_pickaxe":81,"minecraft:gray_carpet":9,"minecraft:wooden_pickaxe":13,"minecraft:sand":2,"minecraft:yellow_terracotta":12,"simplyswords:iron_chakram":362,"minecraft:dark_oak_log":2,"minecraft:gray_stained_glass_pane":11,"minecraft:bread":221,"ecologics:coconut_slice":2,"minecraft:oak_boat":3,"minecraft:bone_meal":17,"minecraft:gray_stained_glass":39,"minecraft:experience_bottle":1,"simplyswords:iron_claymore":249,"minecraft:flint_and_steel":1,"minecraft:stone_shovel":29,"minecraft:stone_hoe":49,"minecraft:netherrack":2,"minecraft:torch":11,"minecraft:dirt":312,"simplyswords:iron_katana":146,"ecologics:seashell":1,"minecraft:dark_oak_planks":336,"minecraft:wooden_axe":14,"minecraft:iron_axe":42,"minecraft:basalt":3,"minecraft:cobbled_deepslate":21,"minecraft:wheat_seeds":164,"minecraft:water_bucket":16,"minecraft:stonecutter":1,"minecraft:lime_terracotta":1,"minecraft:crafting_table":15,"minecraft:red_bed":3,"minecraft:white_bed":1,"minecraft:dark_oak_door":2,"minecraft:oak_log":1,"minecraft:flower_pot":2,"minecraft:apple":7,"minecraft:iron_pickaxe":463,"simplyswords:iron_sai":156,"minecraft:stone_axe":103,"quark:dark_oak_chest":1,"minecraft:cobblestone":436,"minecraft:white_banner":1,"minecraft:cooked_porkchop":5,"minecraft:bucket":16,"quark:oak_chest":4},"minecraft:picked_up":{"minecraft:wooden_axe":4,"minecraft:seagrass":5,"minecraft:iron_chestplate":5,"minecraft:wheat":109,"minecraft:anvil":1,"minecraft:flower_pot":2,"minecraft:oak_stairs":6,"minecraft:enchanted_book":1,"minecraft:stone_brick_stairs":3,"minecraft:music_disc_cat":1,"paraglider:goddess_statue":1,"minecraft:string":15,"minecraft:iron_leggings":4,"minecraft:experience_bottle":1,"minecraft:gold_nugget":12,"minecraft:cobbled_deepslate":55,"minecraft:smooth_stone":3,"minecraft:bucket":1,"minecraft:iron_pickaxe":13,"minecraft:coal_block":8,"iceandfire:dragonscales_red":18,"ecologics:crab_claw":1,"minecraft:iron_boots":3,"alexsmobs:leafcutter_ant_chamber":20,"minecraft:furnace":4,"minecraft:golden_helmet":1,"minecraft:stick":25,"born_in_chaos_v1:shattered_skull":3,"minecraft:oak_fence":5,"born_in_chaos_v1:phantom_powder":2,"minecraft:torch":21,"minecraft:porkchop":18,"minecraft:pointed_dripstone":1,"minecraft:diorite":1,"minecraft:green_terracotta":12,"quark:clear_shard":4,"minecraft:rotten_flesh":110,"iceandfire:fire_dragon_heart":3,"minecraft:iron_block":1,"minecraft:green_wool":6,"alexsmobs:flying_fish":2,"minecraft:cobblestone":542,"minecraft:feather":4,"minecraft:magma_cream":2,"minecraft:water_bucket":3,"minecraft:andesite":2,"minecraft:jungle_log":1,"minecraft:dark_oak_boat":8,"minecraft:smoker":3,"minecraft:potato":2,"paraglider:spirit_orb":4,"minecraft:flint":1,"minecraft:tuff":2,"born_in_chaos_v1:black_argillite_button":1,"minecraft:lapis_lazuli":44,"minecraft:dirt":1901,"minecraft:lantern":6,"minecraft:name_tag":2,"minecraft:bone":70,"minecraft:bow":8,"minecraft:wheat_seeds":331,"minecraft:bamboo":6,"minecraft:moss_block":2,"minecraft:stone_hoe":1,"minecraft:oak_planks":74,"minecraft:cooked_porkchop":4,"minecraft:lime_terracotta":5,"iceandfire:dragon_skull_fire":2,"minecraft:sand":140,"sophisticatedbackpacks:jukebox_upgrade":1,"minecraft:grass_block":1,"minecraft:lily_of_the_valley":2,"minecraft:dark_oak_log":181,"alexsmobs:animal_dictionary":1,"born_in_chaos_v1:fire_dust":2,"minecraft:diamond":6,"iceandfire:fire_dragon_blood":9,"minecraft:crossbow":1,"minecraft:bone_meal":19,"minecraft:spruce_sign":2,"minecraft:emerald":10,"minecraft:bread":176,"alexsmobs:maggot":1,"minecraft:oak_sapling":19,"born_in_chaos_v1:rotten_fish":2,"minecraft:netherrack":2,"minecraft:coarse_dirt":3,"minecraft:crafting_table":16,"sophisticatedbackpacks:gold_backpack":3,"minecraft:charcoal":16,"born_in_chaos_v1:diamond_termite_shard":7,"minecraft:azure_bluet":2,"iceandfire:witherbone":2,"minecraft:clay_ball":3,"simplyswords:iron_sai":5,"minecraft:brown_mushroom":4,"ecologics:seashell":1,"minecraft:wooden_pickaxe":4,"spelunkers_charm:deepslate_rock":19,"minecraft:stone_brick_wall":5,"minecraft:gold_block":16,"unusualprehistory:austro_feather":10,"minecraft:shield":4,"minecraft:red_bed":5,"minecraft:iron_axe":3,"minecraft:flint_and_steel":4,"born_in_chaos_v1:intoxicating_decoction":4,"minecraft:item_frame":4,"minecraft:white_carpet":5,"minecraft:iron_shovel":2,"minecraft:oak_boat":2,"minecraft:iron_nugget":18,"minecraft:poppy":1,"minecraft:light_gray_wool":2,"minecraft:sugar_cane":10,"minecraft:dark_oak_sapling":23,"minecraft:raw_iron":48,"iceandfire:dragonbone":40,"ecologics:coconut_slice":2,"minecraft:gray_dye":10,"minecraft:polished_blackstone_bricks":1,"minecraft:white_dye":1,"simplyswords:iron_cutlass":1,"minecraft:stone_button":28,"born_in_chaos_v1:pieceofdarkmetal":10,"alexsmobs:leafcutter_ant_pupa":2,"minecraft:dark_oak_planks":88,"minecraft:arrow":109,"minecraft:stone_shovel":1,"minecraft:hay_block":73,"minecraft:yellow_terracotta":14,"born_in_chaos_v1:spiny_shell":6,"minecraft:gold_ingot":5,"minecraft:glow_berries":3,"minecraft:mutton":28,"minecraft:white_wool":12,"minecraft:oxeye_daisy":1,"born_in_chaos_v1:fused_bone":4,"simplyswords:iron_katana":3,"born_in_chaos_v1:corpse_maggot":36,"born_in_chaos_v1:black_argillite_column_slab":1,"minecraft:basalt":3,"born_in_chaos_v1:monster_flesh":1,"minecraft:glow_ink_sac":12,"minecraft:red_mushroom":6,"simplyswords:iron_claymore":2,"minecraft:oak_log":47,"minecraft:gunpowder":3,"minecraft:white_banner":2,"minecraft:apple":17,"minecraft:stone_bricks":6,"minecraft:kelp":3,"unusualprehistory:permafrost":4,"alexsmobs:cockroach_wing_fragment":2,"minecraft:iron_ingot":93,"minecraft:oak_fence_gate":1,"minecraft:stone_pickaxe":4,"aquaculture:minnow":1,"unusualprehistory:raw_austro":1,"minecraft:dark_oak_stairs":9,"minecraft:book":126,"minecraft:oak_slab":2,"born_in_chaos_v1:ethereal_spirit":2,"iceandfire:dragonbone_sword":1,"iceandfire:ash":1,"minecraft:quartz":28,"minecraft:dripstone_block":4,"minecraft:gravel":1,"minecraft:white_bed":1,"quark:oak_chest":1,"minecraft:spider_eye":5,"minecraft:stone_axe":2,"minecraft:iron_helmet":3,"simplyswords:iron_chakram":4,"minecraft:coal":114,"minecraft:ender_pearl":3}},"DataVersion":3120}