{"stats":{"minecraft:dropped":{"minecraft:spruce_sign":2,"minecraft:brown_mushroom":4,"minecraft:dark_oak_stairs":1,"minecraft:dark_oak_sapling":2,"minecraft:red_mushroom":6,"minecraft:item_frame":1,"minecraft:dirt":10,"minecraft:seagrass":3,"minecraft:polished_blackstone_bricks":1,"simplyswords:iron_sai":2,"minecraft:bone":2,"minecraft:green_wool":4,"minecraft:sugar_cane":6,"alexsmobs:animal_dictionary":1,"minecraft:pointed_dripstone":1,"minecraft:rotten_flesh":36,"minecraft:azure_bluet":2,"alexsmobs:leafcutter_ant_pupa":2,"born_in_chaos_v1:corpse_maggot":14,"minecraft:bread":131,"minecraft:iron_ingot":3,"born_in_chaos_v1:intoxicating_decoction":1,"born_in_chaos_v1:shattered_skull":1,"minecraft:wheat_seeds":4,"minecraft:dripstone_block":4,"minecraft:feather":4,"born_in_chaos_v1:black_argillite_column_slab":1,"minecraft:oxeye_daisy":1,"minecraft:diorite":1,"alexsmobs:leafcutter_ant_chamber":20,"minecraft:string":3,"simplyswords:iron_cutlass":1,"minecraft:kelp":3,"minecraft:coarse_dirt":3,"born_in_chaos_v1:rotten_fish":1,"born_in_chaos_v1:black_argillite_button":1,"minecraft:light_gray_wool":2,"alexsmobs:cockroach_wing_fragment":1,"minecraft:andesite":2,"minecraft:oak_sapling":11,"minecraft:spider_eye":3,"minecraft:stone_pickaxe":1,"simplyswords:iron_claymore":1},"minecraft:mined":{"minecraft:dark_oak_planks":17,"minecraft:white_bed":1,"unusualprehistory:permafrost":5,"minecraft:grass_block":761,"born_in_chaos_v1:dark_metal_deposit":1,"unusualprehistory:deepslate_fossil":1,"minecraft:oxeye_daisy":1,"minecraft:polished_blackstone_bricks":1,"minecraft:cobbled_deepslate":1,"minecraft:iron_ore":17,"minecraft:fire":1,"minecraft:deepslate_lapis_ore":7,"minecraft:azure_bluet":1,"minecraft:dark_oak_stairs":5,"minecraft:red_bed":3,"minecraft:smoker":1,"born_in_chaos_v1:black_argillite_column_slab":1,"minecraft:cobblestone":65,"minecraft:wheat":86,"minecraft:grass":94,"minecraft:oak_log":2,"minecraft:sand":48,"minecraft:dirt":953,"minecraft:oak_leaves":4,"minecraft:deepslate":65,"minecraft:tuff":2,"minecraft:red_carpet":9,"minecraft:deepslate_diamond_ore":3,"born_in_chaos_v1:infected_diamond_ore":4,"alexsmobs:leafcutter_ant_chamber":20,"minecraft:moss_block":1,"minecraft:hay_block":70,"minecraft:furnace":3,"minecraft:andesite":2,"treechop:chopped_log":6,"minecraft:gold_block":8,"minecraft:vine":1,"minecraft:deepslate_iron_ore":16,"minecraft:lantern":2,"minecraft:bamboo":1,"minecraft:stone":246,"minecraft:green_wool":2,"minecraft:oak_fence":1,"minecraft:crafting_table":7,"minecraft:tall_grass":1,"born_in_chaos_v1:chipped_black_argillite_brick":1,"minecraft:diorite":1,"minecraft:coarse_dirt":2,"minecraft:white_carpet":6,"unusualprehistory:tar":8,"minecraft:coal_ore":16,"minecraft:cobweb":1,"minecraft:stone_bricks":2},"minecraft:broken":{"minecraft:iron_shovel":6,"simplyswords:iron_claymore":1,"minecraft:iron_pickaxe":1,"minecraft:iron_helmet":1},"minecraft:killed":{"born_in_chaos_v1:zombie_clown":1,"born_in_chaos_v1:restless_spirit":1,"born_in_chaos_v1:zombie_lumberjack":1,"born_in_chaos_v1:skeleton_demoman":2,"minecraft:spider":8,"born_in_chaos_v1:baby_skeleton_minion":2,"minecraft:skeleton":12,"alexsmobs:leafcutter_ant":1,"born_in_chaos_v1:firelight_not_despawn":2,"unusualprehistory:antarctopelta":1,"born_in_chaos_v1:bonescaller":2,"minecraft:pig":4,"alexsmobs:anteater":1,"born_in_chaos_v1:diamond_termite":4,"minecraft:creeper":2,"minecraft:sheep":4,"minecraft:pillager":5,"minecraft:zombie":38,"born_in_chaos_v1:dread_hound":1,"born_in_chaos_v1:corpse_fly":5,"born_in_chaos_v1:door_knight":1,"unusualprehistory:austroraptor":1,"born_in_chaos_v1:zombie_bruiser":1,"born_in_chaos_v1:maggot":14,"alexsmobs:flying_fish":1,"born_in_chaos_v1:barrel_zombie":1,"born_in_chaos_v1:fallen_chaos_knight":1,"born_in_chaos_v1:baby_skeleton":3,"born_in_chaos_v1:decrepit_skeleton":5,"born_in_chaos_v1:phantom_creeper_copy":2,"born_in_chaos_v1:bloody_gadfly":4,"alexsmobs:cockroach":3,"iceandfire:ghost":1,"unusualprehistory:sludge":1,"minecraft:enderman":2},"minecraft:killed_by":{"alexsmobs:anteater":1,"iceandfire:sea_serpent":1,"unusualprehistory:antarctopelta":1},"minecraft:custom":{"minecraft:interact_with_crafting_table":69,"minecraft:open_barrel":21,"minecraft:bell_ring":3,"minecraft:leave_game":3,"minecraft:time_since_death":108078,"minecraft:sprint_one_cm":819185,"minecraft:damage_blocked_by_shield":425,"minecraft:drop":77,"minecraft:talked_to_villager":4,"minecraft:play_time":266050,"minecraft:deaths":3,"minecraft:jump":4589,"minecraft:walk_on_water_one_cm":54874,"minecraft:interact_with_furnace":59,"minecraft:interact_with_loom":1,"minecraft:sleep_in_bed":7,"minecraft:damage_dealt":27674,"minecraft:crouch_one_cm":21854,"minecraft:interact_with_smoker":2,"minecraft:interact_with_smithing_table":2,"minecraft:mob_kills":139,"minecraft:inspect_hopper":1,"minecraft:damage_dealt_resisted":1513,"minecraft:climb_one_cm":5059,"minecraft:walk_one_cm":514851,"minecraft:sneak_time":8628,"minecraft:walk_under_water_one_cm":15749,"minecraft:boat_one_cm":48081,"minecraft:total_world_time":266050,"minecraft:raid_trigger":1,"minecraft:interact_with_stonecutter":5,"minecraft:time_since_rest":63360,"minecraft:damage_taken":7790,"minecraft:trigger_trapped_chest":1,"minecraft:swim_one_cm":86625,"minecraft:fly_one_cm":847518,"minecraft:open_chest":117,"minecraft:fall_one_cm":115060},"minecraft:crafted":{"minecraft:black_dye":7,"minecraft:oak_planks":76,"simplyswords:iron_katana":1,"minecraft:stone":110,"minecraft:gray_wool":6,"simplyswords:iron_longsword":2,"minecraft:dark_oak_door":3,"minecraft:glass":45,"minecraft:iron_boots":1,"minecraft:stone_hoe":1,"minecraft:gray_stained_glass":40,"minecraft:cooked_porkchop":2,"simplyswords:iron_claymore":1,"minecraft:crafting_table":4,"minecraft:wooden_pickaxe":1,"minecraft:iron_helmet":1,"minecraft:stone_brick_stairs":5,"minecraft:iron_chestplate":1,"minecraft:charcoal":23,"minecraft:stick":36,"quark:oak_chest":4,"minecraft:iron_ingot":22,"minecraft:iron_pickaxe":1,"minecraft:gray_carpet":9,"simplyswords:iron_sai":2,"minecraft:stone_shovel":1,"minecraft:iron_nugget":18,"minecraft:furnace":4,"minecraft:gray_dye":14,"minecraft:bone_meal":33,"minecraft:stone_pickaxe":1,"minecraft:dark_oak_planks":328,"minecraft:wheat":648,"minecraft:dark_oak_stairs":16,"simplyswords:iron_chakram":2,"minecraft:air":0,"minecraft:bread":216,"minecraft:oak_boat":1,"minecraft:white_wool":2,"minecraft:white_dye":24,"minecraft:wooden_axe":1,"minecraft:iron_shovel":7,"minecraft:iron_leggings":1,"minecraft:stonecutter":1,"minecraft:torch":24},"minecraft:used":{"minecraft:iron_shovel":1746,"minecraft:shield":3,"minecraft:iron_chestplate":2,"born_in_chaos_v1:corpse_maggot":1,"minecraft:lantern":4,"minecraft:iron_helmet":1,"simplyswords:iron_longsword":80,"minecraft:stone_brick_stairs":4,"minecraft:stone_bricks":55,"minecraft:furnace":6,"minecraft:potato":1,"minecraft:dark_oak_stairs":20,"minecraft:stone_pickaxe":81,"minecraft:gray_carpet":9,"minecraft:wooden_pickaxe":13,"simplyswords:iron_chakram":1,"minecraft:dark_oak_log":2,"minecraft:bread":145,"minecraft:oak_boat":3,"minecraft:gray_stained_glass":39,"simplyswords:iron_claymore":249,"minecraft:stone_shovel":29,"minecraft:stone_hoe":49,"minecraft:torch":11,"minecraft:dirt":268,"simplyswords:iron_katana":146,"minecraft:wooden_axe":14,"minecraft:dark_oak_planks":226,"minecraft:cobbled_deepslate":21,"minecraft:wheat_seeds":95,"minecraft:stonecutter":1,"minecraft:crafting_table":10,"minecraft:red_bed":3,"minecraft:white_bed":1,"minecraft:dark_oak_door":1,"minecraft:apple":1,"minecraft:iron_pickaxe":395,"simplyswords:iron_sai":156,"minecraft:stone_axe":66,"minecraft:cobblestone":434,"minecraft:cooked_porkchop":5,"quark:oak_chest":4},"minecraft:picked_up":{"minecraft:wooden_axe":4,"minecraft:seagrass":3,"minecraft:iron_chestplate":1,"minecraft:wheat":109,"minecraft:enchanted_book":1,"minecraft:stone_brick_stairs":2,"minecraft:music_disc_cat":1,"minecraft:string":7,"minecraft:iron_leggings":1,"minecraft:cobbled_deepslate":55,"minecraft:iron_pickaxe":9,"alexsmobs:leafcutter_ant_chamber":20,"minecraft:iron_boots":2,"minecraft:furnace":4,"minecraft:golden_helmet":1,"minecraft:stick":15,"born_in_chaos_v1:shattered_skull":2,"minecraft:oak_fence":2,"born_in_chaos_v1:phantom_powder":2,"minecraft:torch":19,"minecraft:porkchop":7,"minecraft:pointed_dripstone":1,"minecraft:diorite":1,"minecraft:rotten_flesh":109,"minecraft:green_wool":6,"alexsmobs:flying_fish":2,"minecraft:cobblestone":536,"minecraft:feather":4,"minecraft:andesite":2,"minecraft:jungle_log":1,"minecraft:smoker":3,"minecraft:potato":2,"minecraft:tuff":2,"born_in_chaos_v1:black_argillite_button":1,"minecraft:lapis_lazuli":44,"minecraft:dirt":1890,"minecraft:lantern":5,"minecraft:name_tag":2,"minecraft:bone":37,"minecraft:bow":4,"minecraft:wheat_seeds":326,"minecraft:bamboo":6,"minecraft:oak_planks":74,"minecraft:stone_hoe":1,"minecraft:cooked_porkchop":4,"minecraft:sand":45,"sophisticatedbackpacks:jukebox_upgrade":1,"minecraft:grass_block":1,"minecraft:dark_oak_log":105,"alexsmobs:animal_dictionary":1,"born_in_chaos_v1:fire_dust":2,"minecraft:diamond":2,"minecraft:crossbow":1,"minecraft:spruce_sign":2,"minecraft:bread":145,"minecraft:emerald":6,"alexsmobs:maggot":1,"born_in_chaos_v1:rotten_fish":2,"minecraft:oak_sapling":15,"minecraft:charcoal":16,"born_in_chaos_v1:diamond_termite_shard":7,"sophisticatedbackpacks:gold_backpack":1,"minecraft:crafting_table":12,"minecraft:coarse_dirt":3,"minecraft:azure_bluet":2,"simplyswords:iron_sai":2,"minecraft:clay_ball":3,"minecraft:brown_mushroom":4,"minecraft:wooden_pickaxe":4,"spelunkers_charm:deepslate_rock":19,"minecraft:gold_block":16,"unusualprehistory:austro_feather":10,"minecraft:shield":4,"minecraft:red_bed":4,"minecraft:flint_and_steel":1,"born_in_chaos_v1:intoxicating_decoction":4,"minecraft:item_frame":2,"minecraft:iron_shovel":2,"minecraft:oak_boat":2,"minecraft:iron_nugget":16,"minecraft:light_gray_wool":2,"minecraft:sugar_cane":10,"minecraft:dark_oak_sapling":18,"minecraft:raw_iron":48,"iceandfire:dragonbone":24,"minecraft:gray_dye":10,"minecraft:polished_blackstone_bricks":1,"simplyswords:iron_cutlass":1,"born_in_chaos_v1:pieceofdarkmetal":10,"alexsmobs:leafcutter_ant_pupa":2,"minecraft:dark_oak_planks":81,"minecraft:arrow":20,"minecraft:stone_shovel":1,"minecraft:hay_block":73,"born_in_chaos_v1:spiny_shell":2,"minecraft:gold_ingot":5,"minecraft:mutton":28,"minecraft:oxeye_daisy":1,"minecraft:white_wool":6,"born_in_chaos_v1:corpse_maggot":32,"simplyswords:iron_katana":3,"born_in_chaos_v1:black_argillite_column_slab":1,"minecraft:glow_ink_sac":12,"minecraft:red_mushroom":6,"simplyswords:iron_claymore":2,"minecraft:oak_log":25,"minecraft:gunpowder":3,"minecraft:white_banner":1,"minecraft:apple":11,"minecraft:stone_bricks":2,"minecraft:kelp":3,"unusualprehistory:permafrost":4,"alexsmobs:cockroach_wing_fragment":2,"minecraft:stone_pickaxe":4,"minecraft:iron_ingot":25,"aquaculture:minnow":1,"unusualprehistory:raw_austro":1,"minecraft:dark_oak_stairs":5,"born_in_chaos_v1:ethereal_spirit":2,"minecraft:dripstone_block":4,"minecraft:white_bed":1,"quark:oak_chest":1,"minecraft:spider_eye":5,"minecraft:stone_axe":2,"minecraft:iron_helmet":2,"minecraft:coal":112,"minecraft:ender_pearl":3}},"DataVersion":3120}