{"stats":{"minecraft:dropped":{"minecraft:spruce_sign":2,"minecraft:bread":2,"born_in_chaos_v1:intoxicating_decoction":1,"alexsmobs:animal_dictionary":1,"minecraft:feather":4,"minecraft:diorite":1,"minecraft:andesite":2,"minecraft:oak_sapling":11,"minecraft:stone_pickaxe":1,"minecraft:string":2,"minecraft:green_wool":4,"minecraft:bone":2},"minecraft:mined":{"minecraft:white_bed":1,"minecraft:red_bed":1,"minecraft:smoker":1,"minecraft:crafting_table":5,"minecraft:grass_block":3,"alexsmobs:leafcutter_ant_chamber":20,"minecraft:diorite":1,"minecraft:hay_block":22,"minecraft:polished_blackstone_bricks":1,"minecraft:coarse_dirt":2,"minecraft:furnace":2,"minecraft:iron_ore":7,"minecraft:andesite":2,"treechop:chopped_log":4,"minecraft:gold_block":8,"minecraft:oak_log":1,"minecraft:coal_ore":13,"minecraft:vine":1,"minecraft:dirt":5,"minecraft:cobweb":1,"minecraft:stone":85,"minecraft:green_wool":2,"minecraft:oak_leaves":2},"minecraft:killed":{"born_in_chaos_v1:zombie_clown":1,"minecraft:pig":3,"alexsmobs:anteater":1,"minecraft:spider":1,"born_in_chaos_v1:maggot":2,"minecraft:skeleton":1,"minecraft:zombie":3,"alexsmobs:leafcutter_ant":1,"born_in_chaos_v1:corpse_fly":1,"alexsmobs:flying_fish":1},"minecraft:killed_by":{"alexsmobs:anteater":1},"minecraft:custom":{"minecraft:interact_with_furnace":11,"minecraft:mob_kills":14,"minecraft:inspect_hopper":1,"minecraft:interact_with_crafting_table":11,"minecraft:open_barrel":8,"minecraft:leave_game":1,"minecraft:time_since_death":21523,"minecraft:climb_one_cm":4161,"minecraft:time_since_rest":22123,"minecraft:sprint_one_cm":108355,"minecraft:damage_taken":1813,"minecraft:walk_one_cm":63808,"minecraft:damage_blocked_by_shield":95,"minecraft:trigger_trapped_chest":1,"minecraft:drop":22,"minecraft:damage_dealt":2514,"minecraft:swim_one_cm":8364,"minecraft:fly_one_cm":86884,"minecraft:open_chest":8,"minecraft:crouch_one_cm":2346,"minecraft:play_time":42987,"minecraft:deaths":1,"minecraft:sneak_time":1206,"minecraft:walk_under_water_one_cm":579,"minecraft:jump":709,"minecraft:walk_on_water_one_cm":2342,"minecraft:interact_with_smoker":1,"minecraft:total_world_time":42987,"minecraft:fall_one_cm":17011},"minecraft:crafted":{"minecraft:oak_planks":32,"minecraft:stone_shovel":1,"minecraft:cooked_porkchop":2,"minecraft:crafting_table":1,"simplyswords:iron_katana":1,"minecraft:wooden_pickaxe":1,"minecraft:furnace":2,"minecraft:bread":72,"minecraft:air":0,"minecraft:stick":12,"minecraft:stone_pickaxe":1,"minecraft:wooden_axe":1,"minecraft:torch":4,"minecraft:wheat":216},"minecraft:used":{"minecraft:stone_shovel":18,"minecraft:stone_pickaxe":81,"minecraft:wooden_pickaxe":13,"minecraft:shield":2,"minecraft:dirt":3,"minecraft:crafting_table":5,"simplyswords:iron_katana":51,"born_in_chaos_v1:corpse_maggot":1,"minecraft:wooden_axe":13,"minecraft:apple":1,"minecraft:bread":18,"minecraft:iron_pickaxe":35,"minecraft:cobblestone":35,"minecraft:furnace":2,"minecraft:cooked_porkchop":5},"minecraft:picked_up":{"minecraft:wooden_axe":1,"minecraft:coarse_dirt":3,"simplyswords:iron_katana":1,"born_in_chaos_v1:corpse_maggot":2,"minecraft:crafting_table":7,"minecraft:feather":4,"minecraft:andesite":2,"minecraft:wooden_pickaxe":2,"minecraft:smoker":2,"minecraft:gold_block":8,"minecraft:oak_log":21,"minecraft:shield":2,"minecraft:dirt":11,"minecraft:string":2,"minecraft:red_bed":1,"born_in_chaos_v1:intoxicating_decoction":1,"minecraft:bone":3,"minecraft:apple":1,"minecraft:iron_ingot":4,"minecraft:stone_pickaxe":2,"minecraft:iron_pickaxe":2,"minecraft:oak_planks":18,"alexsmobs:leafcutter_ant_chamber":20,"minecraft:furnace":2,"minecraft:stick":2,"minecraft:raw_iron":14,"minecraft:cooked_porkchop":4,"minecraft:torch":4,"minecraft:polished_blackstone_bricks":1,"minecraft:porkchop":6,"minecraft:diorite":1,"alexsmobs:leafcutter_ant_pupa":2,"minecraft:arrow":1,"minecraft:rotten_flesh":13,"minecraft:hay_block":24,"minecraft:spruce_sign":2,"minecraft:green_wool":4,"minecraft:oak_sapling":15,"alexsmobs:flying_fish":1,"minecraft:coal":75,"minecraft:cobblestone":138}},"DataVersion":3120}