{"stats":{"minecraft:dropped":{"born_in_chaos_v1:intoxicating_decoction":1,"minecraft:bread":2,"alexsmobs:animal_dictionary":1,"minecraft:oak_sapling":3,"minecraft:stone_pickaxe":1},"minecraft:mined":{"minecraft:furnace":2,"minecraft:iron_ore":5,"minecraft:smoker":1,"treechop:chopped_log":4,"minecraft:crafting_table":3,"minecraft:grass_block":1,"minecraft:oak_log":1,"minecraft:coal_ore":13,"minecraft:dirt":3,"minecraft:stone":77,"minecraft:oak_leaves":2},"minecraft:killed":{"minecraft:skeleton":1,"born_in_chaos_v1:zombie_clown":1,"minecraft:zombie":3,"minecraft:pig":3,"born_in_chaos_v1:corpse_fly":1,"minecraft:spider":1,"born_in_chaos_v1:maggot":2},"minecraft:custom":{"minecraft:time_since_rest":17251,"minecraft:sprint_one_cm":63988,"minecraft:interact_with_furnace":11,"minecraft:damage_taken":296,"minecraft:walk_one_cm":28263,"minecraft:damage_blocked_by_shield":95,"minecraft:mob_kills":10,"minecraft:drop":8,"minecraft:damage_dealt":1499,"minecraft:interact_with_crafting_table":8,"minecraft:fly_one_cm":41494,"minecraft:open_chest":2,"minecraft:crouch_one_cm":735,"minecraft:play_time":17251,"minecraft:sneak_time":357,"minecraft:jump":355,"minecraft:walk_on_water_one_cm":39,"minecraft:time_since_death":17251,"minecraft:interact_with_smoker":1,"minecraft:climb_one_cm":1784,"minecraft:total_world_time":17251,"minecraft:fall_one_cm":6953},"minecraft:crafted":{"minecraft:oak_planks":32,"minecraft:cooked_porkchop":2,"minecraft:crafting_table":1,"simplyswords:iron_katana":1,"minecraft:stick":8,"minecraft:wooden_pickaxe":1,"minecraft:stone_pickaxe":1,"minecraft:wooden_axe":1,"minecraft:furnace":2,"minecraft:torch":4,"minecraft:air":0},"minecraft:used":{"minecraft:wooden_axe":12,"minecraft:apple":1,"minecraft:iron_pickaxe":9,"minecraft:stone_pickaxe":81,"minecraft:shield":2,"minecraft:wooden_pickaxe":13,"minecraft:dirt":1,"minecraft:cobblestone":5,"minecraft:crafting_table":2,"simplyswords:iron_katana":27,"minecraft:furnace":2,"minecraft:cooked_porkchop":3},"minecraft:picked_up":{"minecraft:raw_iron":5,"born_in_chaos_v1:corpse_maggot":1,"minecraft:stick":2,"minecraft:crafting_table":3,"minecraft:cooked_porkchop":4,"minecraft:wooden_pickaxe":1,"minecraft:smoker":1,"minecraft:porkchop":6,"minecraft:oak_log":13,"minecraft:shield":1,"minecraft:dirt":4,"born_in_chaos_v1:intoxicating_decoction":1,"minecraft:bone":1,"minecraft:rotten_flesh":4,"minecraft:apple":1,"minecraft:iron_ingot":3,"minecraft:stone_pickaxe":1,"minecraft:iron_pickaxe":1,"minecraft:oak_sapling":7,"minecraft:coal":44,"minecraft:cobblestone":71,"minecraft:furnace":2}},"DataVersion":3120}