{"stats":{"minecraft:dropped":{"alexsmobs:animal_dictionary":1,"minecraft:oak_sapling":3},"minecraft:mined":{"minecraft:coal_ore":9,"minecraft:oak_log":1,"minecraft:stone":14,"treechop:chopped_log":4,"minecraft:crafting_table":1,"minecraft:oak_leaves":2},"minecraft:custom":{"minecraft:time_since_rest":5251,"minecraft:interact_with_furnace":3,"minecraft:crouch_one_cm":291,"minecraft:play_time":5251,"minecraft:sprint_one_cm":20409,"minecraft:damage_taken":40,"minecraft:walk_one_cm":6056,"minecraft:sneak_time":236,"minecraft:drop":4,"minecraft:jump":106,"minecraft:damage_dealt":70,"minecraft:time_since_death":5251,"minecraft:total_world_time":5251,"minecraft:interact_with_crafting_table":3,"minecraft:fall_one_cm":1379,"minecraft:fly_one_cm":11758},"minecraft:crafted":{"minecraft:furnace":1,"minecraft:oak_planks":32,"minecraft:crafting_table":1,"minecraft:stick":4,"minecraft:wooden_pickaxe":1,"minecraft:stone_pickaxe":1,"minecraft:wooden_axe":1},"minecraft:used":{"minecraft:wooden_axe":7,"minecraft:apple":1,"minecraft:crafting_table":1,"minecraft:furnace":1,"minecraft:stone_pickaxe":10,"minecraft:wooden_pickaxe":13},"minecraft:picked_up":{"minecraft:crafting_table":1,"minecraft:stick":2,"minecraft:apple":1,"minecraft:wooden_pickaxe":1,"minecraft:oak_log":13,"minecraft:coal":9,"minecraft:oak_sapling":4,"minecraft:cobblestone":14}},"DataVersion":3120}