{"stats":{"minecraft:dropped":{"minecraft:spruce_sign":2,"minecraft:iron_ingot":3,"minecraft:bread":131,"born_in_chaos_v1:intoxicating_decoction":1,"minecraft:feather":4,"minecraft:diorite":1,"alexsmobs:leafcutter_ant_chamber":20,"minecraft:polished_blackstone_bricks":1,"minecraft:string":2,"minecraft:green_wool":4,"minecraft:bone":2,"minecraft:coarse_dirt":3,"alexsmobs:animal_dictionary":1,"born_in_chaos_v1:rotten_fish":1,"minecraft:rotten_flesh":9,"alexsmobs:leafcutter_ant_pupa":2,"minecraft:andesite":2,"born_in_chaos_v1:corpse_maggot":14,"minecraft:oak_sapling":11,"minecraft:stone_pickaxe":1,"simplyswords:iron_claymore":1},"minecraft:mined":{"minecraft:red_carpet":9,"minecraft:white_bed":1,"born_in_chaos_v1:dark_metal_deposit":1,"minecraft:grass_block":757,"alexsmobs:leafcutter_ant_chamber":20,"minecraft:hay_block":70,"minecraft:polished_blackstone_bricks":1,"minecraft:furnace":2,"minecraft:iron_ore":7,"minecraft:andesite":2,"treechop:chopped_log":5,"minecraft:gold_block":8,"minecraft:vine":1,"minecraft:lantern":2,"minecraft:stone":242,"minecraft:green_wool":2,"minecraft:red_bed":3,"minecraft:smoker":1,"minecraft:oak_fence":1,"minecraft:crafting_table":7,"born_in_chaos_v1:black_argillite_column_slab":1,"minecraft:cobblestone":61,"born_in_chaos_v1:chipped_black_argillite_brick":1,"minecraft:diorite":1,"minecraft:coarse_dirt":2,"minecraft:white_carpet":6,"unusualprehistory:tar":8,"minecraft:grass":92,"minecraft:oak_log":2,"minecraft:coal_ore":13,"minecraft:dirt":947,"minecraft:cobweb":1,"minecraft:stone_bricks":2,"minecraft:oak_leaves":3},"minecraft:broken":{"minecraft:iron_shovel":6,"minecraft:iron_pickaxe":1},"minecraft:killed":{"born_in_chaos_v1:zombie_clown":1,"minecraft:spider":2,"born_in_chaos_v1:maggot":3,"minecraft:skeleton":3,"alexsmobs:leafcutter_ant":1,"alexsmobs:flying_fish":1,"born_in_chaos_v1:barrel_zombie":1,"unusualprehistory:antarctopelta":1,"minecraft:pig":4,"alexsmobs:anteater":1,"born_in_chaos_v1:baby_skeleton":1,"minecraft:creeper":1,"born_in_chaos_v1:decrepit_skeleton":4,"born_in_chaos_v1:phantom_creeper_copy":1,"minecraft:pillager":5,"born_in_chaos_v1:bloody_gadfly":3,"minecraft:zombie":20,"iceandfire:ghost":1,"born_in_chaos_v1:corpse_fly":2,"unusualprehistory:sludge":1,"unusualprehistory:austroraptor":1},"minecraft:killed_by":{"alexsmobs:anteater":1,"iceandfire:sea_serpent":1,"unusualprehistory:antarctopelta":1},"minecraft:custom":{"minecraft:mob_kills":56,"minecraft:inspect_hopper":1,"minecraft:interact_with_crafting_table":36,"minecraft:open_barrel":19,"minecraft:bell_ring":3,"minecraft:leave_game":3,"minecraft:time_since_death":6078,"minecraft:climb_one_cm":4983,"minecraft:sprint_one_cm":496683,"minecraft:walk_one_cm":348664,"minecraft:damage_blocked_by_shield":425,"minecraft:drop":47,"minecraft:talked_to_villager":3,"minecraft:play_time":164050,"minecraft:sneak_time":3733,"minecraft:deaths":3,"minecraft:walk_under_water_one_cm":4991,"minecraft:boat_one_cm":48081,"minecraft:jump":2716,"minecraft:walk_on_water_one_cm":17454,"minecraft:total_world_time":164050,"minecraft:interact_with_furnace":27,"minecraft:interact_with_loom":1,"minecraft:raid_trigger":1,"minecraft:interact_with_stonecutter":4,"minecraft:sleep_in_bed":5,"minecraft:time_since_rest":6342,"minecraft:damage_taken":5267,"minecraft:trigger_trapped_chest":1,"minecraft:damage_dealt":12646,"minecraft:swim_one_cm":34422,"minecraft:fly_one_cm":512680,"minecraft:open_chest":52,"minecraft:crouch_one_cm":10738,"minecraft:interact_with_smoker":1,"minecraft:fall_one_cm":63507,"minecraft:interact_with_smithing_table":1},"minecraft:crafted":{"minecraft:oak_planks":76,"minecraft:stone_shovel":1,"minecraft:iron_nugget":9,"simplyswords:iron_katana":1,"minecraft:furnace":3,"minecraft:stone":56,"minecraft:iron_boots":1,"minecraft:stone_pickaxe":1,"minecraft:stone_hoe":1,"minecraft:wheat":648,"minecraft:cooked_porkchop":2,"minecraft:crafting_table":3,"simplyswords:iron_claymore":1,"minecraft:iron_helmet":1,"minecraft:wooden_pickaxe":1,"minecraft:bread":216,"minecraft:air":0,"minecraft:oak_boat":1,"minecraft:stone_brick_stairs":5,"minecraft:iron_chestplate":1,"quark:oak_chest":4,"minecraft:stick":28,"minecraft:iron_ingot":19,"minecraft:iron_pickaxe":1,"minecraft:wooden_axe":1,"minecraft:iron_shovel":7,"minecraft:iron_leggings":1,"minecraft:stonecutter":1,"minecraft:torch":4},"minecraft:used":{"simplyswords:iron_claymore":113,"minecraft:iron_shovel":1695,"minecraft:stone_shovel":29,"minecraft:shield":3,"minecraft:stone_hoe":49,"minecraft:iron_chestplate":2,"minecraft:torch":4,"minecraft:dirt":268,"simplyswords:iron_katana":144,"born_in_chaos_v1:corpse_maggot":1,"minecraft:wooden_axe":14,"minecraft:lantern":4,"minecraft:iron_helmet":1,"minecraft:stone_brick_stairs":4,"minecraft:stone_bricks":50,"minecraft:furnace":4,"minecraft:potato":1,"minecraft:stone_pickaxe":81,"minecraft:wooden_pickaxe":13,"minecraft:stonecutter":1,"minecraft:crafting_table":9,"minecraft:red_bed":3,"minecraft:white_bed":1,"minecraft:apple":1,"minecraft:bread":88,"minecraft:iron_pickaxe":267,"minecraft:stone_axe":22,"minecraft:cobblestone":383,"minecraft:cooked_porkchop":5,"quark:oak_chest":4,"minecraft:oak_boat":3},"minecraft:picked_up":{"minecraft:wooden_axe":3,"minecraft:coarse_dirt":3,"minecraft:crafting_table":10,"sophisticatedbackpacks:gold_backpack":1,"minecraft:iron_chestplate":1,"minecraft:clay_ball":3,"minecraft:wooden_pickaxe":3,"minecraft:gold_block":16,"minecraft:enchanted_book":1,"unusualprehistory:austro_feather":3,"minecraft:shield":4,"minecraft:string":5,"minecraft:red_bed":4,"minecraft:flint_and_steel":1,"minecraft:iron_leggings":1,"born_in_chaos_v1:intoxicating_decoction":1,"minecraft:item_frame":2,"minecraft:iron_shovel":1,"minecraft:oak_boat":2,"minecraft:iron_nugget":15,"minecraft:iron_pickaxe":6,"minecraft:light_gray_wool":1,"minecraft:iron_boots":2,"alexsmobs:leafcutter_ant_chamber":20,"minecraft:furnace":3,"minecraft:dark_oak_sapling":2,"minecraft:golden_helmet":1,"minecraft:stick":12,"minecraft:raw_iron":21,"born_in_chaos_v1:shattered_skull":2,"minecraft:oak_fence":2,"minecraft:torch":8,"minecraft:porkchop":7,"minecraft:polished_blackstone_bricks":1,"minecraft:diorite":1,"born_in_chaos_v1:pieceofdarkmetal":1,"alexsmobs:leafcutter_ant_pupa":2,"minecraft:arrow":10,"minecraft:rotten_flesh":46,"minecraft:stone_shovel":1,"minecraft:hay_block":72,"minecraft:green_wool":4,"minecraft:gold_ingot":2,"alexsmobs:flying_fish":2,"minecraft:cobblestone":495,"simplyswords:iron_katana":3,"born_in_chaos_v1:corpse_maggot":22,"born_in_chaos_v1:black_argillite_column_slab":1,"minecraft:feather":4,"minecraft:andesite":2,"minecraft:smoker":3,"minecraft:potato":2,"simplyswords:iron_claymore":2,"minecraft:oak_log":23,"born_in_chaos_v1:black_argillite_button":1,"minecraft:dirt":1813,"minecraft:lantern":4,"minecraft:white_banner":1,"minecraft:name_tag":1,"minecraft:bone":13,"minecraft:apple":10,"minecraft:stone_bricks":2,"minecraft:bow":1,"minecraft:wheat_seeds":30,"minecraft:iron_ingot":8,"minecraft:stone_pickaxe":3,"minecraft:stone_hoe":1,"minecraft:oak_planks":74,"unusualprehistory:raw_austro":1,"minecraft:cooked_porkchop":4,"minecraft:white_bed":1,"minecraft:dark_oak_log":48,"minecraft:spider_eye":4,"minecraft:stone_axe":1,"minecraft:iron_helmet":2,"minecraft:crossbow":1,"minecraft:emerald":6,"minecraft:spruce_sign":2,"minecraft:bread":139,"minecraft:oak_sapling":15,"born_in_chaos_v1:rotten_fish":1,"minecraft:coal":108}},"DataVersion":3120}