{"stats":{"minecraft:dropped":{"minecraft:spruce_sign":2,"minecraft:bread":130,"born_in_chaos_v1:intoxicating_decoction":1,"minecraft:coarse_dirt":3,"alexsmobs:animal_dictionary":1,"minecraft:feather":4,"minecraft:rotten_flesh":9,"alexsmobs:leafcutter_ant_pupa":2,"minecraft:diorite":1,"alexsmobs:leafcutter_ant_chamber":20,"minecraft:andesite":2,"minecraft:oak_sapling":11,"minecraft:polished_blackstone_bricks":1,"minecraft:stone_pickaxe":1,"minecraft:string":2,"minecraft:green_wool":4,"minecraft:bone":2},"minecraft:mined":{"minecraft:red_carpet":9,"minecraft:white_bed":1,"minecraft:red_bed":2,"minecraft:smoker":1,"minecraft:oak_fence":1,"minecraft:crafting_table":5,"minecraft:grass_block":6,"alexsmobs:leafcutter_ant_chamber":20,"minecraft:diorite":1,"minecraft:hay_block":70,"minecraft:polished_blackstone_bricks":1,"minecraft:coarse_dirt":2,"minecraft:furnace":2,"minecraft:iron_ore":7,"minecraft:white_carpet":6,"minecraft:andesite":2,"unusualprehistory:tar":8,"treechop:chopped_log":4,"minecraft:gold_block":8,"minecraft:grass":1,"minecraft:oak_log":1,"minecraft:coal_ore":13,"minecraft:vine":1,"minecraft:dirt":14,"minecraft:cobweb":1,"minecraft:stone":141,"minecraft:green_wool":2,"minecraft:oak_leaves":2},"minecraft:killed":{"born_in_chaos_v1:zombie_clown":1,"minecraft:pig":3,"alexsmobs:anteater":1,"minecraft:spider":1,"born_in_chaos_v1:maggot":2,"minecraft:skeleton":2,"minecraft:zombie":3,"alexsmobs:leafcutter_ant":1,"born_in_chaos_v1:corpse_fly":1,"unusualprehistory:sludge":1,"alexsmobs:flying_fish":1},"minecraft:killed_by":{"alexsmobs:anteater":1},"minecraft:custom":{"minecraft:interact_with_furnace":11,"minecraft:mob_kills":16,"minecraft:inspect_hopper":1,"minecraft:interact_with_crafting_table":16,"minecraft:open_barrel":15,"minecraft:interact_with_loom":1,"minecraft:leave_game":1,"minecraft:time_since_death":33523,"minecraft:sleep_in_bed":1,"minecraft:climb_one_cm":4667,"minecraft:time_since_rest":2984,"minecraft:sprint_one_cm":148918,"minecraft:damage_taken":2134,"minecraft:walk_one_cm":91162,"minecraft:damage_blocked_by_shield":95,"minecraft:trigger_trapped_chest":1,"minecraft:drop":29,"minecraft:damage_dealt":2959,"minecraft:talked_to_villager":3,"minecraft:swim_one_cm":8364,"minecraft:fly_one_cm":118420,"minecraft:open_chest":16,"minecraft:crouch_one_cm":2565,"minecraft:play_time":54987,"minecraft:deaths":1,"minecraft:sneak_time":1306,"minecraft:walk_under_water_one_cm":644,"minecraft:jump":896,"minecraft:walk_on_water_one_cm":2439,"minecraft:interact_with_smoker":1,"minecraft:total_world_time":54987,"minecraft:fall_one_cm":21767},"minecraft:crafted":{"minecraft:oak_planks":64,"minecraft:stone_shovel":1,"minecraft:cooked_porkchop":2,"minecraft:crafting_table":1,"simplyswords:iron_katana":1,"minecraft:wooden_pickaxe":1,"minecraft:furnace":2,"minecraft:bread":216,"minecraft:air":0,"minecraft:stick":12,"minecraft:iron_ingot":4,"minecraft:stone_pickaxe":1,"minecraft:wooden_axe":1,"minecraft:torch":4,"minecraft:stone_hoe":1,"minecraft:wheat":648},"minecraft:used":{"minecraft:stone_shovel":29,"minecraft:stone_pickaxe":81,"minecraft:wooden_pickaxe":13,"minecraft:shield":2,"minecraft:stone_hoe":48,"minecraft:dirt":3,"minecraft:red_bed":1,"minecraft:crafting_table":6,"simplyswords:iron_katana":72,"born_in_chaos_v1:corpse_maggot":1,"minecraft:wooden_axe":13,"minecraft:apple":1,"minecraft:bread":26,"minecraft:iron_pickaxe":96,"minecraft:cobblestone":44,"minecraft:furnace":2,"minecraft:cooked_porkchop":5},"minecraft:picked_up":{"minecraft:wooden_axe":1,"minecraft:coarse_dirt":3,"simplyswords:iron_katana":1,"born_in_chaos_v1:corpse_maggot":2,"minecraft:crafting_table":7,"minecraft:feather":4,"minecraft:andesite":2,"minecraft:wooden_pickaxe":2,"minecraft:smoker":2,"minecraft:gold_block":8,"minecraft:oak_log":21,"minecraft:shield":2,"minecraft:dirt":23,"minecraft:string":2,"minecraft:red_bed":2,"born_in_chaos_v1:intoxicating_decoction":1,"minecraft:bone":4,"minecraft:apple":1,"minecraft:iron_ingot":4,"minecraft:stone_pickaxe":2,"minecraft:iron_pickaxe":2,"minecraft:oak_planks":18,"alexsmobs:leafcutter_ant_chamber":20,"minecraft:furnace":2,"minecraft:stick":2,"minecraft:raw_iron":14,"minecraft:cooked_porkchop":4,"minecraft:oak_fence":1,"minecraft:torch":4,"minecraft:polished_blackstone_bricks":1,"minecraft:porkchop":6,"minecraft:diorite":1,"alexsmobs:leafcutter_ant_pupa":2,"minecraft:arrow":3,"minecraft:rotten_flesh":13,"minecraft:hay_block":72,"minecraft:spruce_sign":2,"minecraft:green_wool":4,"minecraft:bread":14,"minecraft:oak_sapling":15,"alexsmobs:flying_fish":1,"minecraft:coal":75,"minecraft:cobblestone":190}},"DataVersion":3120}