{
  "bunker_down:first_joined_world": {
    "criteria": {
      "first_joined_world": "2024-06-23 20:55:36 +0000"
    },
    "done": true
  },
  "ags_day_counter:day_counter_root_advancement": {
    "criteria": {
      "day_counter_root_advancement": "2024-06-23 20:55:36 +0000"
    },
    "done": true
  },
  "minecraft:adventure/adventuring_time": {
    "criteria": {
      "minecraft:beach": "2024-06-23 20:56:57 +0000",
      "minecraft:lukewarm_ocean": "2024-06-23 20:55:46 +0000",
      "minecraft:desert": "2024-06-23 20:55:37 +0000",
      "minecraft:jungle": "2024-06-23 20:56:59 +0000"
    },
    "done": false
  },
  "DataVersion": 3120
}