{
  "iceandfire:iceandfire/kill_ghost": {
    "criteria": {
      "killed_fire_dragon": "2024-06-29 21:04:20 +0000"
    },
    "done": true
  },
  "incendium:technical/using/trailblazer": {
    "criteria": {
      "log_spam_fixer": "2024-06-29 20:40:00 +0000"
    },
    "done": false
  },
  "minecraft:adventure/kill_a_mob": {
    "criteria": {
      "minecraft:skeleton": "2024-06-29 20:54:11 +0000"
    },
    "done": true
  },
  "cataclysm:root": {
    "criteria": {
      "custom_test_name": "2024-06-29 20:39:59 +0000"
    },
    "done": true
  },
  "incendium:toxic_heap/root": {
    "criteria": {
      "requirement": "2024-06-30 04:33:18 +0000"
    },
    "done": true
  },
  "minecraft:adventure/kill_all_mobs": {
    "criteria": {
      "minecraft:blaze": "2024-06-30 04:36:19 +0000",
      "minecraft:pillager": "2024-06-30 04:13:44 +0000",
      "minecraft:skeleton": "2024-06-29 20:54:11 +0000",
      "minecraft:spider": "2024-06-29 21:18:56 +0000",
      "minecraft:creeper": "2024-06-29 21:57:21 +0000",
      "minecraft:wither_skeleton": "2024-06-30 04:34:25 +0000",
      "minecraft:enderman": "2024-06-29 22:19:18 +0000",
      "minecraft:zombie": "2024-06-29 21:17:31 +0000",
      "minecraft:zombie_villager": "2024-06-30 03:56:00 +0000"
    },
    "done": false
  },
  "unusualprehistory:main/fossil": {
    "criteria": {
      "tar_fossil": "2024-06-29 21:25:53 +0000"
    },
    "done": true
  },
  "alexsmobs:alexsmobs/seagull_steal": {
    "criteria": {
      "ex": "2024-06-29 21:07:41 +0000"
    },
    "done": true
  },
  "minecraft:story/enter_the_nether": {
    "criteria": {
      "entered_nether": "2024-06-30 04:32:51 +0000"
    },
    "done": true
  },
  "incendium:technical/scroll_of_returning": {
    "criteria": {
      "log_spam_fixer": "2024-06-29 20:40:00 +0000"
    },
    "done": false
  },
  "minecraft:story/enchant_item": {
    "criteria": {
      "enchanted_item": "2024-06-30 04:29:00 +0000"
    },
    "done": true
  },
  "minecraft:story/obtain_armor": {
    "criteria": {
      "iron_helmet": "2024-06-29 20:51:17 +0000"
    },
    "done": true
  },
  "minecraft:husbandry/balanced_diet": {
    "criteria": {
      "cooked_porkchop": "2024-06-29 20:48:07 +0000",
      "cooked_mutton": "2024-06-30 04:12:11 +0000",
      "cooked_beef": "2024-06-30 03:25:22 +0000",
      "baked_potato": "2024-06-29 22:01:52 +0000",
      "apple": "2024-06-29 20:53:02 +0000",
      "bread": "2024-06-29 20:53:46 +0000"
    },
    "done": false
  },
  "quark:get_all_blossom_saplings": {
    "criteria": {
      "yellow": "2024-06-30 04:23:05 +0000"
    },
    "done": false
  },
  "minecraft:nether/obtain_blaze_rod": {
    "criteria": {
      "blaze_rod": "2024-06-30 04:39:25 +0000"
    },
    "done": true
  },
  "minecraft:story/mine_stone": {
    "criteria": {
      "get_stone": "2024-06-29 20:43:14 +0000"
    },
    "done": true
  },
  "incendium:toxic_heap/slime_poison": {
    "criteria": {
      "poison": "2024-06-30 04:36:22 +0000"
    },
    "done": true
  },
  "minecraft:nether/root": {
    "criteria": {
      "entered_nether": "2024-06-30 04:32:51 +0000"
    },
    "done": true
  },
  "quark:mine_toretoise": {
    "criteria": {
      "mine_toretoise": "2024-06-30 03:46:16 +0000"
    },
    "done": true
  },
  "minecraft:adventure/adventuring_time": {
    "criteria": {
      "minecraft:old_growth_pine_taiga": "2024-06-30 00:29:44 +0000",
      "minecraft:taiga": "2024-06-29 21:50:48 +0000",
      "minecraft:bamboo_jungle": "2024-06-29 21:09:48 +0000",
      "minecraft:beach": "2024-06-29 21:23:38 +0000",
      "minecraft:stony_peaks": "2024-06-29 20:43:14 +0000",
      "minecraft:dark_forest": "2024-06-30 02:40:28 +0000",
      "minecraft:sparse_jungle": "2024-06-29 21:03:49 +0000",
      "minecraft:river": "2024-06-29 21:03:37 +0000",
      "minecraft:snowy_plains": "2024-06-29 21:53:56 +0000",
      "minecraft:stony_shore": "2024-06-29 21:07:36 +0000",
      "minecraft:dripstone_caves": "2024-06-30 03:04:14 +0000",
      "minecraft:forest": "2024-06-29 20:40:00 +0000",
      "minecraft:jungle": "2024-06-29 20:51:54 +0000",
      "minecraft:ocean": "2024-06-29 22:14:00 +0000",
      "minecraft:old_growth_spruce_taiga": "2024-06-30 00:28:38 +0000",
      "minecraft:flower_forest": "2024-06-29 22:10:03 +0000",
      "minecraft:old_growth_birch_forest": "2024-06-29 21:37:48 +0000",
      "minecraft:meadow": "2024-06-30 00:26:16 +0000",
      "minecraft:plains": "2024-06-29 20:40:14 +0000"
    },
    "done": false
  },
  "minecraft:adventure/sleep_in_bed": {
    "criteria": {
      "slept_in_bed": "2024-06-29 21:32:04 +0000"
    },
    "done": true
  },
  "minecraft:adventure/voluntary_exile": {
    "criteria": {
      "voluntary_exile": "2024-06-30 04:13:55 +0000"
    },
    "done": true
  },
  "incendium:misc/soul_searcher": {
    "criteria": {
      "incendium:toxic_heap": "2024-06-30 04:33:18 +0000",
      "incendium:withered_forest": "2024-06-30 04:32:52 +0000"
    },
    "done": false
  },
  "minecraft:nether/find_fortress": {
    "criteria": {
      "fortress": "2024-06-30 04:36:11 +0000"
    },
    "done": true
  },
  "incendium:withered_forest/root": {
    "criteria": {
      "requirement": "2024-06-30 04:32:52 +0000"
    },
    "done": true
  },
  "incendium:technical/using/ragnarok": {
    "criteria": {
      "log_spam_fixer": "2024-06-29 20:40:00 +0000"
    },
    "done": false
  },
  "aquamirae:adventure/root": {
    "criteria": {
      "crafting_table": "2024-06-29 20:41:51 +0000"
    },
    "done": true
  },
  "iceandfire:iceandfire/root": {
    "criteria": {
      "tick": "2024-06-29 20:39:59 +0000"
    },
    "done": true
  },
  "minecraft:husbandry/root": {
    "criteria": {
      "consumed_item": "2024-06-29 20:45:45 +0000"
    },
    "done": true
  },
  "minecraft:story/iron_tools": {
    "criteria": {
      "iron_pickaxe": "2024-06-29 20:45:58 +0000"
    },
    "done": true
  },
  "minecraft:story/mine_diamond": {
    "criteria": {
      "diamond": "2024-06-30 03:11:01 +0000"
    },
    "done": true
  },
  "minecraft:story/upgrade_tools": {
    "criteria": {
      "stone_pickaxe": "2024-06-29 20:43:44 +0000"
    },
    "done": true
  },
  "incendium:technical/new_player": {
    "criteria": {
      "requirement": "2024-06-29 20:39:59 +0000"
    },
    "done": true
  },
  "alexsmobs:alexsmobs/root": {
    "criteria": {
      "useitem": "2024-06-29 20:45:45 +0000"
    },
    "done": true
  },
  "minecraft:story/root": {
    "criteria": {
      "crafting_table": "2024-06-29 20:41:51 +0000"
    },
    "done": true
  },
  "incendium:root": {
    "criteria": {
      "requirement": "2024-06-30 04:32:51 +0000"
    },
    "done": true
  },
  "paraglider:root": {
    "criteria": {
      "crafting_table": "2024-06-29 20:41:51 +0000"
    },
    "done": true
  },
  "minecraft:story/smelt_iron": {
    "criteria": {
      "iron": "2024-06-29 20:45:05 +0000"
    },
    "done": true
  },
  "minecraft:adventure/root": {
    "criteria": {
      "killed_something": "2024-06-29 20:46:12 +0000"
    },
    "done": true
  },
  "incendium:technical/using/shield": {
    "criteria": {
      "log_spam_fixer": "2024-06-29 20:40:00 +0000"
    },
    "done": false
  },
  "minecraft:story/form_obsidian": {
    "criteria": {
      "obsidian": "2024-06-30 03:37:39 +0000"
    },
    "done": true
  },
  "minecraft:story/deflect_arrow": {
    "criteria": {
      "deflected_projectile": "2024-06-29 21:11:42 +0000"
    },
    "done": true
  },
  "incendium:misc/root": {
    "criteria": {
      "incendium:withered_forest": "2024-06-30 04:32:52 +0000"
    },
    "done": true
  },
  "DataVersion": 3120
}